experiment_name,scan_number,spectrum_id,precursor_mz,precursor_charge,prediction_id,predictions,log_probs,token_log_probs,instanovo_predictions,instanovo_prediction_log_probability,instanovo_prediction_token_log_probabilities,instanovo_predictions_beam_0,instanovo_predictions_log_probability_beam_0,instanovo_predictions_token_log_probabilities_beam_0,instanovo_predictions_beam_1,instanovo_predictions_log_probability_beam_1,instanovo_predictions_token_log_probabilities_beam_1,instanovo_predictions_beam_2,instanovo_predictions_log_probability_beam_2,instanovo_predictions_token_log_probabilities_beam_2,instanovo_predictions_beam_3,instanovo_predictions_log_probability_beam_3,instanovo_predictions_token_log_probabilities_beam_3,instanovo_predictions_beam_4,instanovo_predictions_log_probability_beam_4,instanovo_predictions_token_log_probabilities_beam_4,instanovoplus_predictions,instanovoplus_prediction_log_probability,instanovoplus_prediction_token_log_probabilities,instanovoplus_unrefined_predictions,group,predictions_tokenised,delta_mass_ppm
chunk_001,1156,chunk_001:1156,364.703423180616,2,1106,SSLFFK,-0.4146262109279632,,"['G', 'L', 'L', 'F', 'F', 'K']",-13.859295845031738,"[-3.07000470161438, -0.9451533555984497, -1.4929893016815186, -0.5811471939086914, -1.9699221849441528, -0.15469449758529663]",GLLFFK,-13.859295845031738,"[-3.07000470161438, -0.9451533555984497, -1.4929893016815186, -0.5811471939086914, -1.9699221849441528, -0.15469449758529663]",S[UNIMOD:21]PLPTK,-16.684810638427734,"[-4.451720714569092, -0.015707459300756454, -0.026937831193208694, -2.1097640991210938, -1.4171878099441528, -0.15469449758529663]",GLPLPTK,-19.854053497314453,"[-7.783823490142822, -0.21539254486560822, -0.015707459300756454, -0.026937831193208694, -2.1097640991210938, -1.4171878099441528, -0.15469449758529663]",APPLPTK,-21.31586647033692,"[-6.530554294586182, -4.100158214569092, -0.015707459300756454, -0.026937831193208694, -2.1097640991210938, -1.4171878099441528, -0.15469449758529663]",GPPLPTK,-22.04103279113769,"[-7.389441013336182, -4.100158214569092, -0.015707459300756454, -0.026937831193208694, -2.1097640991210938, -1.4171878099441528, -0.15469449758529663]","['S', 'S', 'L', 'F', 'F', 'K']",-0.4146262109279632,,"['G', 'L', 'L', 'F', 'F', 'K']",no_group,"S, S, L, F, F, K",2.444947207480839
chunk_001,2432,chunk_001:2432,364.703423180616,2,2382,SSLFFK,-0.6396968364715576,,"['G', 'L', 'L', 'F', 'F', 'K']",-14.347972869873049,"[-2.8612723350524902, -1.735400676727295, -1.4305875301361084, -0.6930278539657593, -2.1201765537261963, -0.21434055268764496]",GLLFFK,-14.347972869873049,"[-2.8612723350524902, -1.735400676727295, -1.4305875301361084, -0.6930278539657593, -2.1201765537261963, -0.21434055268764496]",GEEEEK,-15.226783752441406,"[-3.5608246326446533, -0.9468269348144531, -0.9903881549835205, -0.9537980556488037, -1.7373640537261963, -0.21434055268764496]",GDLFFK,-15.398043632507324,"[-4.042120933532715, -1.325244426727295, -1.4305875301361084, -0.6930278539657593, -2.1201765537261963, -0.21434055268764496]",GFDTFK,-15.820427894592283,"[-6.024764060974121, -0.13195879757404327, -1.0680361986160278, -1.1500591039657593, -2.1201765537261963, -0.21434055268764496]",AFDTFK,-21.80606460571289,"[-7.169783592224121, -0.13195879757404327, -1.0680361986160278, -1.1500591039657593, -2.1201765537261963, -0.21434055268764496]","['S', 'S', 'L', 'F', 'F', 'K']",-0.6396968364715576,,"['G', 'L', 'L', 'F', 'F', 'K']",no_group,"S, S, L, F, F, K",2.444947207480839
chunk_001,38823,chunk_001:38823,627.261582115163,1,38048,VDTGY,-0.5146691799163818,,"['V', 'L', 'S[UNIMOD:21]', 'P', 'K']",-8.819689750671387,"[-1.7231061458587646, -0.7815155386924744, -1.868847370147705, -2.0938878059387207, -0.446638286113739]",VLS[UNIMOD:21]PK,-8.819689750671387,"[-1.7231061458587646, -0.7815155386924744, -1.868847370147705, -2.0938878059387207, -0.446638286113739]",AT[UNIMOD:21]LPK,-10.252398490905762,"[-2.4162561893463135, -1.6398205757141113, -1.105175495147705, -2.0938878059387207, -0.446638286113739]",GT[UNIMOD:21]LPK,-10.539981842041016,"[-1.8937952518463135, -1.6398205757141113, -1.105175495147705, -2.0938878059387207, -0.446638286113739]",LGKS[UNIMOD:21]K,-11.70722770690918,"[-1.8171424865722656, -1.5620381832122803, -1.0070576667785645, -2.6876378059387207, -0.446638286113739]",DGKS[UNIMOD:21]K,-12.765661239624023,"[-1.6413612365722656, -1.5620381832122803, -1.0070576667785645, -2.6876378059387207, -0.446638286113739]","['V', 'D', 'T', 'G', 'Y']",-0.5146691799163818,,"['V', 'L', 'S[UNIMOD:21]', 'P', 'K']",no_group,"V, D, T, G, Y",114804.6336144683
chunk_002,12263,chunk_002:12263,651.2705465559,1,11738,FPC[UNIMOD:4]MP,-1.590484857559204,,"['V', 'G', 'D', 'P', 'E', 'K']",-11.912214279174805,"[-3.6662850379943848, -0.8782761693000793, -0.750877857208252, -1.3021785020828247, -1.4028912782669067, -0.1600504219532013]",VGDPEK,-11.912214279174805,"[-3.6662850379943848, -0.8782761693000793, -0.750877857208252, -1.3021785020828247, -1.4028912782669067, -0.1600504219532013]",TGDPEK,-13.11075210571289,"[-3.7435555458068848, -0.8782761693000793, -0.750877857208252, -1.3021785020828247, -1.4028912782669067, -0.1600504219532013]",GGDPEK,-13.227190017700195,"[-3.1587166786193848, -0.8782761693000793, -0.750877857208252, -1.3021785020828247, -1.4028912782669067, -0.1600504219532013]",SGDPEK,-15.205711364746094,"[-2.6137948036193848, -0.8782761693000793, -0.750877857208252, -1.3021785020828247, -1.4028912782669067, -0.1600504219532013]",PGDPEK,-15.36321258544922,"[-2.6997323036193848, -0.8782761693000793, -0.750877857208252, -1.3021785020828247, -1.4028912782669067, -0.1600504219532013]","['F', 'P', 'C[UNIMOD:4]', 'M', 'P']",-1.590484857559204,,"['V', 'G', 'D', 'P', 'E', 'K']",no_group,"F, P, C[UNIMOD:4], M, P",11.66113827838457
chunk_002,27867,chunk_002:27867,320.180703515179,2,27167,LHGGQK,-0.7764894962310791,,"['L', 'L', 'G', 'G', 'Q', 'K']",-11.155131340026855,"[-2.1932873725891113, -0.27365800738334656, -1.3624054193496704, -1.3912051916122437, -1.5037071704864502, -0.21846841275691986]",LLGGQK,-11.155131340026855,"[-2.1932873725891113, -0.27365800738334656, -1.3624054193496704, -1.3912051916122437, -1.5037071704864502, -0.21846841275691986]",IPSGQK,-11.664766311645508,"[-0.8575907349586487, -0.24058902263641357, -1.6202179193496704, -1.3912051916122437, -1.5037071704864502, -0.21846841275691986]",DLGGQK,-11.742227554321287,"[-0.9012950658798218, -0.27365800738334656, -1.3624054193496704, -1.3912051916122437, -1.5037071704864502, -0.21846841275691986]",VPASQK,-11.96051788330078,"[-1.853518009185791, -0.1591215580701828, -0.6769291162490845, -2.076752185821533, -1.5037071704864502, -0.21846841275691986]",DPSGQK,-14.127655029296877,"[-1.562668800354004, -0.24058902263641357, -1.6202179193496704, -1.3912051916122437, -1.5037071704864502, -0.21846841275691986]","['L', 'H', 'G', 'G', 'Q', 'K']",-0.7764894962310791,,"['L', 'L', 'G', 'G', 'Q', 'K']",no_group,"L, H, G, G, Q, K",4.981514511918284
chunk_002,49359,chunk_002:49359,793.128385073093,2,48384,VPAPPK,-0.9615420699119568,,"['L', 'P', 'S[UNIMOD:21]', 'P', 'P', 'L', 'V', 'I', 'A', 'P', 'A', 'L', 'L', 'R']",-11.550067901611328,"[-0.06131663918495178, -0.16210424900054932, -0.5729948878288269, -1.0264806747436523, -1.5731960535049438, -0.28226494789123535, -0.960892379283905, -1.2378500699996948, -1.6230401992797852, -0.0017948722233995795, -0.08134663105010986, -0.5017027258872986, -1.306897759437561, -0.507939338684082]",LPS[UNIMOD:21]PPLVIAPALLR,-11.550067901611328,"[-0.06131663918495178, -0.16210424900054932, -0.5729948878288269, -1.0264806747436523, -1.5731960535049438, -0.28226494789123535, -0.960892379283905, -1.2378500699996948, -1.6230401992797852, -0.0017948722233995795, -0.08134663105010986, -0.5017027258872986, -1.306897759437561, -0.507939338684082]",LQPAPGLSLLPLLAR,-13.90243148803711,"[-0.7325609922409058, -1.1293028593063354, -0.6468973755836487, -0.3535573184490204, -0.4741547703742981, -1.6764134168624878, -0.4836215078830719, -1.0663079023361206, -0.6432709693908691, -0.8907446265220642, -0.006009011995047331, -0.16019313037395477, -0.48939454555511475, -2.1858038902282715, -0.507939338684082]",ALAPAPGLSLLPLLAR,-15.68313980102539,"[-2.031118154525757, -0.7055680751800537, -1.6918028593063354, -0.6468973755836487, -0.3535573184490204, -0.4741547703742981, -1.6764134168624878, -0.4836215078830719, -1.0663079023361206, -0.6432709693908691, -0.8907446265220642, -0.006009011995047331, -0.16019313037395477, -0.48939454555511475, -2.1858038902282715, -0.507939338684082]",LGAPAPGLSLLPLLAR,-16.163589477539062,"[-1.4611893892288208, -1.5629899501800537, -1.6918028593063354, -0.6468973755836487, -0.3535573184490204, -0.4741547703742981, -1.6764134168624878, -0.4836215078830719, -1.0663079023361206, -0.6432709693908691, -0.8907446265220642, -0.006009011995047331, -0.16019313037395477, -0.48939454555511475, -2.1858038902282715, -0.507939338684082]",GLAPAPGLSLLPLLAR,-16.265718460083008,"[-1.5916650295257568, -0.7055680751800537, -1.6918028593063354, -0.6468973755836487, -0.3535573184490204, -0.4741547703742981, -1.6764134168624878, -0.4836215078830719, -1.0663079023361206, -0.6432709693908691, -0.8907446265220642, -0.006009011995047331, -0.16019313037395477, -0.48939454555511475, -2.1858038902282715, -0.507939338684082]","['V', 'P', 'A', 'P', 'P', 'K']",-0.9615420699119568,,"['L', 'P', 'S[UNIMOD:21]', 'P', 'P', 'L', 'V', 'I', 'A', 'P', 'A', 'L', 'L', 'R']",no_group,"V, P, A, P, P, K",615202.7234886141
chunk_003,11024,chunk_003:11024,641.281238290425,1,10874,LGGS[UNIMOD:21]VK,-1.5048259496688845,,"['L', 'G', 'G', 'S[UNIMOD:21]', 'P', 'K']",-7.574580669403076,"[-1.1532111167907715, -2.244866371154785, -0.6912137866020203, -1.4171104431152344, -1.1572906970977783, -0.05546880513429642]",LGGS[UNIMOD:21]PK,-7.574580669403076,"[-1.1532111167907715, -2.244866371154785, -0.6912137866020203, -1.4171104431152344, -1.1572906970977783, -0.05546880513429642]",FGS[UNIMOD:21]PK,-7.62202787399292,"[-2.274163246154785, -0.6912137866020203, -1.4171104431152344, -1.1572906970977783, -0.05546880513429642]",AVGS[UNIMOD:21]PK,-9.958953857421877,"[-2.245121717453003, -2.350335121154785, -0.6912137866020203, -1.4171104431152344, -1.1572906970977783, -0.05546880513429642]",SGGS[UNIMOD:21]PK,-11.888420104980469,"[-2.4959845542907715, -2.244866371154785, -0.6912137866020203, -1.4171104431152344, -1.1572906970977783, -0.05546880513429642]",GSGS[UNIMOD:21]PK,-12.218387603759766,"[-2.531087875366211, -2.012444496154785, -0.6912137866020203, -1.4171104431152344, -1.1572906970977783, -0.05546880513429642]","['L', 'G', 'G', 'S[UNIMOD:21]', 'V', 'K']",-1.5048259496688845,,"['L', 'G', 'G', 'S[UNIMOD:21]', 'P', 'K']",no_group,"L, G, G, S[UNIMOD:21], V, K",44.26249807442278
chunk_003,17569,chunk_003:17569,710.291198675864,1,17369,MDLEVM,-0.5473934412002563,,"['S[UNIMOD:21]', 'D', 'L', 'E', 'K']",-7.688849449157715,"[-0.4399343430995941, -1.4693946838378906, -1.9686412811279297, -0.9020633101463318, -0.3686809837818146]",S[UNIMOD:21]DLEK,-7.688849449157715,"[-0.4399343430995941, -1.4693946838378906, -1.9686412811279297, -0.9020633101463318, -0.3686809837818146]",S[UNIMOD:21]LEEK,-9.95177173614502,"[-1.1890168190002441, -1.885022521018982, -1.9022350311279297, -0.9020633101463318, -0.3686809837818146]",S[UNIMOD:21]DDEK,-10.49086856842041,"[-0.4037805199623108, -1.466970682144165, -1.9881725311279297, -0.9020633101463318, -0.3686809837818146]",S[UNIMOD:21]EEEK,-10.607658386230469,"[-1.2422971725463867, -1.497327208518982, -1.9022350311279297, -0.9020633101463318, -0.3686809837818146]",GIDDEK,-12.52606964111328,"[-3.6499242782592773, -1.810030460357666, -1.466970682144165, -1.9881725311279297, -0.9020633101463318, -0.3686809837818146]","['M', 'D', 'L', 'E', 'V', 'M']",-0.5473934412002563,,"['S[UNIMOD:21]', 'D', 'L', 'E', 'K']",no_group,"M, D, L, E, V, M",38054.33795959334
chunk_003,20022,chunk_003:20022,517.794675794993,1,19822,VPAPPK,-1.3030675649642944,,"['S[UNIMOD:21]', 'P', 'A', 'R']",-7.030442237854004,"[-1.2779712677001953, -1.089901328086853, -2.026869535446167, -0.10051345825195312]",S[UNIMOD:21]PAR,-7.030442237854004,"[-1.2779712677001953, -1.089901328086853, -2.026869535446167, -0.10051345825195312]",AAGHR,-14.659856796264648,"[-7.43918514251709, -0.01222262904047966, -0.6421748995780945, -0.8764789700508118, -0.10051345825195312]",APPAR,-15.152739524841309,"[-4.44760799407959, -0.8619556427001953, -1.089901328086853, -2.026869535446167, -0.10051345825195312]",GLPAR,-15.534486770629885,"[-4.446235656738281, -2.0767993927001953, -1.089901328086853, -2.026869535446167, -0.10051345825195312]",GPPAR,-16.26958656311035,"[-5.94028377532959, -0.8619556427001953, -1.089901328086853, -2.026869535446167, -0.10051345825195312]","['V', 'P', 'A', 'P', 'P', 'K']",-1.3030675649642944,,"['S[UNIMOD:21]', 'P', 'A', 'R']",no_group,"V, P, A, P, P, K",174938.03516989131
chunk_003,40606,chunk_003:40606,572.723246025064,1,39856,GGGYGGR,-0.891319990158081,,"['G', 'G', 'G', 'G', 'G', 'G', 'R']",-12.492620468139648,"[-0.5002274513244629, -0.6730964779853821, -1.2439888715744019, -1.3311643600463867, -1.7191462516784668, -0.8636099100112915, -0.7712445259094238]",GGGGGGR,-12.492620468139648,"[-0.5002274513244629, -0.6730964779853821, -1.2439888715744019, -1.3311643600463867, -1.7191462516784668, -0.8636099100112915, -0.7712445259094238]",SGGGGGR,-14.649404525756836,"[-2.532454013824463, -0.6730964779853821, -1.2439888715744019, -1.3311643600463867, -1.7191462516784668, -0.8636099100112915, -0.7712445259094238]",GAGGGGR,-14.944819450378418,"[-0.5932859778404236, -2.3742682933807373, -1.2439888715744019, -1.3311643600463867, -1.7191462516784668, -0.8636099100112915, -0.7712445259094238]",GSGGGGR,-15.00222873687744,"[-0.48642241954803467, -2.2551276683807373, -1.2439888715744019, -1.3311643600463867, -1.7191462516784668, -0.8636099100112915, -0.7712445259094238]",GVGGGGR,-15.352980613708496,"[-0.344461053609848, -3.1555182933807373, -1.2439888715744019, -1.3311643600463867, -1.7191462516784668, -0.8636099100112915, -0.7712445259094238]","['G', 'G', 'G', 'Y', 'G', 'G', 'R']",-0.891319990158081,,"['G', 'G', 'G', 'G', 'G', 'G', 'R']",no_group,"G, G, G, Y, G, G, R",88291.14293140295
chunk_005,24552,chunk_005:24552,756.29858212494,1,24202,ES[UNIMOD:21]LADK,-0.8095112442970276,,"['G', 'S[UNIMOD:21]', 'L', 'V', 'E', 'K']",-10.677568435668944,"[-0.825480580329895, -0.9203316569328308, -0.714573085308075, -2.2321677207946777, -1.41737961769104, -0.1532103568315506]",GS[UNIMOD:21]LVEK,-10.677568435668944,"[-0.825480580329895, -0.9203316569328308, -0.714573085308075, -2.2321677207946777, -1.41737961769104, -0.1532103568315506]",EYEPAK,-11.131402969360352,"[-2.168152332305908, -1.1997325420379639, -0.8547652363777161, -1.9972527027130127, -1.71230149269104, -0.1532103568315506]",FYEPAK,-11.233880043029783,"[-1.4845587015151978, -1.1997325420379639, -0.8547652363777161, -1.9972527027130127, -1.71230149269104, -0.1532103568315506]",VSIVGEK,-13.091272354125977,"[-7.528316974639893, -0.02254125289618969, -0.00793885625898838, -1.5270891189575195, -2.3337302207946777, -1.41737961769104, -0.1532103568315506]",ASIVGEK,-14.227975845336914,"[-7.979488849639893, -0.02254125289618969, -0.00793885625898838, -1.5270891189575195, -2.3337302207946777, -1.41737961769104, -0.1532103568315506]","['E', 'S[UNIMOD:21]', 'L', 'A', 'D', 'K']",-0.8095112442970276,,"['G', 'S[UNIMOD:21]', 'L', 'V', 'E', 'K']",no_group,"E, S[UNIMOD:21], L, A, D, K",17180.58374304009
chunk_006,36587,chunk_006:36587,922.006725861602,1,36287,ILLDEDK,-0.5634384155273438,,"['E', 'Y', 'L', 'D', 'E', 'I', 'K']",-6.439961910247803,"[-1.1937408447265625, -0.33663442730903625, -0.09057506918907166, -1.3767662048339844, -2.073089122772217, -0.4213193356990814, -0.6284467577934265]",EYLDEIK,-6.439961910247803,"[-1.1937408447265625, -0.33663442730903625, -0.09057506918907166, -1.3767662048339844, -2.073089122772217, -0.4213193356990814, -0.6284467577934265]",DYLDEIK,-6.736620903015137,"[-1.5453033447265625, -0.33663442730903625, -0.09057506918907166, -1.3767662048339844, -2.073089122772217, -0.4213193356990814, -0.6284467577934265]",SYLDEIK,-8.438658714294434,"[-3.0160064697265625, -0.33663442730903625, -0.09057506918907166, -1.3767662048339844, -2.073089122772217, -0.4213193356990814, -0.6284467577934265]",VYLDEIK,-9.023801803588867,"[-2.9720611572265625, -0.33663442730903625, -0.09057506918907166, -1.3767662048339844, -2.073089122772217, -0.4213193356990814, -0.6284467577934265]",GAYLDEIK,-10.527729034423828,"[-3.4199905395507812, -1.7328033447265625, -0.33663442730903625, -0.09057506918907166, -1.3767662048339844, -2.073089122772217, -0.4213193356990814, -0.6284467577934265]","['I', 'L', 'L', 'D', 'E', 'D', 'K']",-0.5634384155273438,,"['E', 'Y', 'L', 'D', 'E', 'I', 'K']",no_group,"I, L, L, D, E, D, K",81932.0117117468
chunk_007,12468,chunk_007:12468,514.192863836281,1,12318,LGGSVK,-0.7450275421142578,,"['L', 'G', 'G', 'D', 'K']",-13.299781799316406,"[-2.9383981227874756, -1.3456298112869263, -1.7420639991760254, -1.06856107711792, -0.5288354158401489]",LGGDK,-13.299781799316406,"[-2.9383981227874756, -1.3456298112869263, -1.7420639991760254, -1.06856107711792, -0.5288354158401489]",DGGDK,-14.31766414642334,"[-2.9051949977874756, -1.3456298112869263, -1.7420639991760254, -1.06856107711792, -0.5288354158401489]",SGGDK,-15.101816177368164,"[-2.7137887477874756, -1.3456298112869263, -1.7420639991760254, -1.06856107711792, -0.5288354158401489]",AGGGDK,-16.911109924316406,"[-2.1217498779296875, -2.8129098415374756, -1.3456298112869263, -1.7420639991760254, -1.06856107711792, -0.5288354158401489]",GGGGDK,-17.54856300354004,"[-2.1666717529296875, -2.8129098415374756, -1.3456298112869263, -1.7420639991760254, -1.06856107711792, -0.5288354158401489]","['L', 'G', 'G', 'S', 'V', 'K']",-0.7450275421142578,,"['L', 'G', 'G', 'D', 'K']",no_group,"L, G, G, S, V, K",89747.27657521966
chunk_008,11009,chunk_008:11009,640.296383418614,1,10709,LGGS[UNIMOD:21]VK,-0.8892901539802551,,"['L', 'G', 'G', 'S[UNIMOD:21]', 'P', 'K']",-9.732144355773926,"[-1.4426249265670776, -2.2368407249450684, -0.9975546598434448, -1.2567803859710693, -2.5026352405548096, -0.5151640176773071]",LGGS[UNIMOD:21]PK,-9.732144355773926,"[-1.4426249265670776, -2.2368407249450684, -0.9975546598434448, -1.2567803859710693, -2.5026352405548096, -0.5151640176773071]",AGGS[UNIMOD:21]PK,-11.555548667907717,"[-2.041257858276367, -2.2368407249450684, -0.9975546598434448, -1.2567803859710693, -2.5026352405548096, -0.5151640176773071]",VGGS[UNIMOD:21]PK,-11.999930381774902,"[-2.419187545776367, -2.2368407249450684, -0.9975546598434448, -1.2567803859710693, -2.5026352405548096, -0.5151640176773071]",GNGS[UNIMOD:21]PK,-12.26060676574707,"[-2.1595449447631836, -2.1469969749450684, -0.9975546598434448, -1.2567803859710693, -2.5026352405548096, -0.5151640176773071]",SGGS[UNIMOD:21]PK,-13.241727828979492,"[-2.573484420776367, -2.2368407249450684, -0.9975546598434448, -1.2567803859710693, -2.5026352405548096, -0.5151640176773071]","['L', 'G', 'G', 'S[UNIMOD:21]', 'V', 'K']",-0.8892901539802551,,"['L', 'G', 'G', 'S[UNIMOD:21]', 'P', 'K']",no_group,"L, G, G, S[UNIMOD:21], V, K",15.445318202804447
chunk_008,36363,chunk_008:36363,774.212860955614,2,35963,EEDEEDEEEEEK,-0.8937022686004639,,"['E', 'D', 'D', 'E', 'E', 'E', 'E', 'E', 'E', 'E', 'E', 'K']",-16.561702728271484,"[-0.007852991111576557, -0.19644641876220703, -1.6097115278244019, -1.1589250564575195, -0.949077308177948, -0.43198657035827637, -0.9074808359146118, -1.1860299110412598, -1.4461331367492676, -1.5296376943588257, -2.382160186767578, -0.2116510272026062]",EDDEEEEEEEEK,-16.561702728271484,"[-0.007852991111576557, -0.19644641876220703, -1.6097115278244019, -1.1589250564575195, -0.949077308177948, -0.43198657035827637, -0.9074808359146118, -1.1860299110412598, -1.4461331367492676, -1.5296376943588257, -2.382160186767578, -0.2116510272026062]",T[UNIMOD:21]DEGHVVLAS[UNIMOD:21]PLK,-17.79450225830078,"[-3.953484058380127, -0.0073597729206085205, -0.00021860594279132783, -0.28354814648628235, -0.05799182131886482, -0.5358853340148926, -1.2230257987976074, -0.5317749977111816, -2.2750725746154785, -0.9057067632675171, -2.2904529571533203, -1.7893867492675781, -0.2116510272026062]",SPDEGHVVLAS[UNIMOD:21]PLK,-17.872188568115234,"[-0.8357008099555969, -3.672234058380127, -0.0073597729206085205, -0.00021860594279132783, -0.28354814648628235, -0.05799182131886482, -0.5358853340148926, -1.2230257987976074, -0.5317749977111816, -2.2750725746154785, -0.9057067632675171, -2.2904529571533203, -1.7893867492675781, -0.2116510272026062]",TPDEGHVVLAS[UNIMOD:21]PLK,-19.17759704589844,"[-3.675544500350952, -3.672234058380127, -0.0073597729206085205, -0.00021860594279132783, -0.28354814648628235, -0.05799182131886482, -0.5358853340148926, -1.2230257987976074, -0.5317749977111816, -2.2750725746154785, -0.9057067632675171, -2.2904529571533203, -1.7893867492675781, -0.2116510272026062]",APDEGHVVLAS[UNIMOD:21]PLK,-19.94722366333008,"[-3.756599187850952, -3.672234058380127, -0.0073597729206085205, -0.00021860594279132783, -0.28354814648628235, -0.05799182131886482, -0.5358853340148926, -1.2230257987976074, -0.5317749977111816, -2.2750725746154785, -0.9057067632675171, -2.2904529571533203, -1.7893867492675781, -0.2116510272026062]","['E', 'E', 'D', 'E', 'E', 'D', 'E', 'E', 'E', 'E', 'E', 'K']",-0.8937022686004639,,"['E', 'D', 'D', 'E', 'E', 'E', 'E', 'E', 'E', 'E', 'E', 'K']",no_group,"E, E, D, E, E, D, E, E, E, E, E, K",5079.37436063768
chunk_009,694,chunk_009:694,652.270267245635,1,669,AVGS[UNIMOD:21]PAA,-1.0954313278198242,,"['[UNIMOD:385]', 'S', 'G', 'S[UNIMOD:21]', 'P', 'L', 'K']",-24.25689125061035,"[-13.731037139892578, -2.7356510162353516, -1.948281168937683, -1.3359153270721436, -2.323617458343506, -1.530390977859497, -0.6519901752471924]",[UNIMOD:385]SGS[UNIMOD:21]PLK,-24.25689125061035,"[-13.731037139892578, -2.7356510162353516, -1.948281168937683, -1.3359153270721436, -2.323617458343506, -1.530390977859497, -0.6519901752471924]",[UNIMOD:385]GSS[UNIMOD:21]PLK,-27.31416320800781,"[-16.909852981567383, -2.139498710632324, -2.4228906631469727, -1.3359153270721436, -2.323617458343506, -1.530390977859497, -0.6519901752471924]",LS[UNIMOD:21]PLK,-12.806635856628418,"[-2.1299219131469727, -1.3359153270721436, -2.323617458343506, -1.530390977859497, -0.6519901752471924]",GGS[UNIMOD:21]PLK,-12.980627059936523,"[-2.9954166412353516, -1.948281168937683, -1.3359153270721436, -2.323617458343506, -1.530390977859497, -0.6519901752471924]",EELEK,-14.617952346801758,"[-1.9779000282287598, -2.1042332649230957, -1.4799448251724243, -2.159297227859497, -0.6519901752471924]","['A', 'V', 'G', 'S[UNIMOD:21]', 'P', 'A', 'A']",-1.0954313278198242,,"['[UNIMOD:385]', 'S', 'G', 'S[UNIMOD:21]', 'P', 'L', 'K']",no_group,"A, V, G, S[UNIMOD:21], P, A, A",0.5814240721394194
chunk_009,36101,chunk_009:36101,313.676874571713,2,35176,VAPDPK,-0.7092587947845459,,"['D', 'E', 'E', 'T', 'K']",-14.860515594482422,"[-1.8178354501724243, -1.523724913597107, -2.353949546813965, -1.9699032306671143, -0.2902594208717346]",DEETK,-14.860515594482422,"[-1.8178354501724243, -1.523724913597107, -2.353949546813965, -1.9699032306671143, -0.2902594208717346]",LEETK,-16.060558319091797,"[-1.7289682626724243, -1.523724913597107, -2.353949546813965, -1.9699032306671143, -0.2902594208717346]",SEEEK,-16.07075309753418,"[-2.6894350051879883, -1.1354079246520996, -1.491011619567871, -2.3654110431671143, -0.2902594208717346]",AEEEK,-16.073034286499023,"[-2.6464662551879883, -1.1354079246520996, -1.491011619567871, -2.3654110431671143, -0.2902594208717346]",DDDTK,-22.26675605773925,"[-0.0009140365873463452, -0.40953075885772705, -1.9779731035232544, -1.9699032306671143, -0.2902594208717346]","['V', 'A', 'P', 'D', 'P', 'K']",-0.7092587947845459,,"['D', 'E', 'E', 'T', 'K']",no_group,"V, A, P, D, P, K",6.957568325530557
chunk_010,12609,chunk_010:12609,456.233052550496,1,12234,PSGGPR,-0.643433690071106,,"['[UNIMOD:385]', 'S', 'G', 'G', 'P', 'R']",-28.27921485900879,"[-14.39572811126709, -9.509810447692871, -1.9064977169036865, -0.8473147749900818, -1.10234534740448, -0.5175147652626038]",[UNIMOD:385]SGGPR,-28.27921485900879,"[-14.39572811126709, -9.509810447692871, -1.9064977169036865, -0.8473147749900818, -1.10234534740448, -0.5175147652626038]",GGGPR,-17.84775733947754,"[-6.653609275817871, -1.9064977169036865, -0.8473147749900818, -1.10234534740448, -0.5175147652626038]",GGGAR,-20.130821228027344,"[-7.305428981781006, -0.821759819984436, -0.8729835748672485, -1.68437659740448, -0.5175147652626038]",AGGAR,-21.99211883544922,"[-3.9968349933624268, -0.821759819984436, -0.8729835748672485, -1.68437659740448, -0.5175147652626038]",SGGAR,-22.49294090270996,"[-11.564217567443848, -0.821759819984436, -0.8729835748672485, -1.68437659740448, -0.5175147652626038]","['P', 'S', 'G', 'G', 'P', 'R']",-0.643433690071106,,"['[UNIMOD:385]', 'S', 'G', 'G', 'P', 'R']",no_group,"P, S, G, G, P, R",250017.875320156
chunk_010,24844,chunk_010:24844,587.307733532037,1,24144,APASVSA,-0.4426921010017395,,"['A', 'D', 'P', 'E', 'K']",-12.483417510986328,"[-1.8819949626922607, -1.1276159286499023, -2.1135268211364746, -2.0893054008483887, -0.2599998116493225]",ADPEK,-12.483417510986328,"[-1.8819949626922607, -1.1276159286499023, -2.1135268211364746, -2.0893054008483887, -0.2599998116493225]",SDPEK,-12.731332778930664,"[-1.8771121501922607, -1.1276159286499023, -2.1135268211364746, -2.0893054008483887, -0.2599998116493225]",ADLLK,-13.271648406982422,"[-2.1997504234313965, -1.883998155593872, -1.1879481077194214, -2.1537585258483887, -0.2599998116493225]",GDPEK,-13.714614868164062,"[-1.7511355876922607, -1.1276159286499023, -2.1135268211364746, -2.0893054008483887, -0.2599998116493225]",SDLLK,-14.429228782653809,"[-2.0503363609313965, -1.883998155593872, -1.1879481077194214, -2.1537585258483887, -0.2599998116493225]","['A', 'P', 'A', 'S', 'V', 'S', 'A']",-0.4426921010017395,,"['A', 'D', 'P', 'E', 'K']",no_group,"A, P, A, S, V, S, A",25551.712690233748
chunk_013,35578,chunk_013:35578,653.327088325772,1,34103,ASPPPPS,-0.5151888132095337,,"['A', 'A', 'L', 'Y[UNIMOD:21]', 'K']",-9.827505111694336,"[-2.424813747406006, -1.6614686250686646, -0.8130212426185608, -1.4276814460754395, -0.1270686388015747]",AALY[UNIMOD:21]K,-9.827505111694336,"[-2.424813747406006, -1.6614686250686646, -0.8130212426185608, -1.4276814460754395, -0.1270686388015747]",GALY[UNIMOD:21]K,-10.226929664611816,"[-2.603524684906006, -1.6614686250686646, -0.8130212426185608, -1.4276814460754395, -0.1270686388015747]",GSLY[UNIMOD:21]K,-10.524125099182127,"[-1.5957804918289185, -2.365570068359375, -0.8130212426185608, -1.4276814460754395, -0.1270686388015747]",IDSYK,-16.71783447265625,"[-0.00043406602344475687, -0.27054810523986816, -1.3296066522598267, -1.0331501960754395, -0.1270686388015747]",TDDYK,-18.919464111328125,"[-0.011841598898172379, -0.05548166111111641, -0.4936691224575043, -1.0331501960754395, -0.1270686388015747]","['A', 'S', 'P', 'P', 'P', 'P', 'S']",-0.5151888132095337,,"['A', 'A', 'L', 'Y[UNIMOD:21]', 'K']",no_group,"A, S, P, P, P, P, S",9.740410801347672
chunk_014,11278,chunk_014:11278,776.395432203264,1,10753,VSDTVIE,-0.9414083361625672,,"['F', 'I', 'D', 'T', 'F', 'K']",-8.705395698547363,"[-0.00010692501382436603, -0.001190430368296802, -0.01405190397053957, -0.20553529262542725, -2.5508084297180176, -0.16514933109283447]",FIDTFK,-8.705395698547363,"[-0.00010692501382436603, -0.001190430368296802, -0.01405190397053957, -0.20553529262542725, -2.5508084297180176, -0.16514933109283447]",LDGFSVK,-22.68534278869629,"[-3.6954811548639555e-06, -0.0008910499745979905, -0.0022650319151580334, -0.03413817659020424, -1.99849271774292, -1.8711210489273071, -0.16514933109283447]",DDGFSVK,-24.794946670532227,"[-13.291019439697266, -0.0008910499745979905, -0.0022650319151580334, -0.03413817659020424, -1.99849271774292, -1.8711210489273071, -0.16514933109283447]",PDGFSVK,-25.68487548828125,"[-16.120121002197266, -0.0008910499745979905, -0.0022650319151580334, -0.03413817659020424, -1.99849271774292, -1.8711210489273071, -0.16514933109283447]",SDGFSVK,-26.895421981811523,"[-15.931156158447266, -0.0008910499745979905, -0.0022650319151580334, -0.03413817659020424, -1.99849271774292, -1.8711210489273071, -0.16514933109283447]","['V', 'S', 'D', 'T', 'V', 'I', 'E']",-0.9414083361625672,,"['F', 'I', 'D', 'T', 'F', 'K']",no_group,"V, S, D, T, V, I, E",16749.300245573195
chunk_014,22588,chunk_014:22588,680.309154062852,1,21563,GGGGYGGR,-0.5346764922142029,,"['Y', 'G', 'G', 'G', 'G', 'G', 'G', 'R']",-12.332714080810549,"[-2.8477158546447754, -1.4885342121124268, -0.7373359203338623, -0.599868893623352, -1.3252809047698975, -0.8256253004074097, -1.4579375982284546, -0.5131295919418335]",YGGGGGGR,-12.332714080810549,"[-2.8477158546447754, -1.4885342121124268, -0.7373359203338623, -0.599868893623352, -1.3252809047698975, -0.8256253004074097, -1.4579375982284546, -0.5131295919418335]",S[UNIMOD:21]GC[UNIMOD:4]GGR,-5.540490627288818,"[-1.7192343473434448, -0.05070607736706734, -0.5518434643745422, -0.8256253004074097, -1.4579375982284546, -0.5131295919418335]",S[UNIMOD:21]GGGGGR,-6.6124773025512695,"[-0.8342373371124268, -0.7373359203338623, -0.599868893623352, -1.3252809047698975, -0.8256253004074097, -1.4579375982284546, -0.5131295919418335]",C[UNIMOD:4]GGGGGGR,-11.31458854675293,"[-3.0967392921447754, -1.4885342121124268, -0.7373359203338623, -0.599868893623352, -1.3252809047698975, -0.8256253004074097, -1.4579375982284546, -0.5131295919418335]",GGGGGGGGR,-12.161500930786133,"[-1.7748574018478394, -1.7500596046447754, -1.4885342121124268, -0.7373359203338623, -0.599868893623352, -1.3252809047698975, -0.8256253004074097, -1.4579375982284546, -0.5131295919418335]","['G', 'G', 'G', 'G', 'Y', 'G', 'G', 'R']",-0.5346764922142029,,"['Y', 'G', 'G', 'G', 'G', 'G', 'G', 'R']",no_group,"G, G, G, G, Y, G, G, R",2.8603718417699966
chunk_015,49382,chunk_015:49382,648.394231416249,1,47957,LPAPPGL,-0.3258449733257293,,"['L', 'P', 'S', 'S', 'L', 'K']",-10.400022506713867,"[-0.5054016709327698, -0.024822372943162918, -0.9606885313987732, -1.6097396612167358, -2.194060802459717, -0.18451720476150513]",LPSSLK,-10.400022506713867,"[-0.5054016709327698, -0.024822372943162918, -0.9606885313987732, -1.6097396612167358, -2.194060802459717, -0.18451720476150513]",PPPPPK,-10.857633590698242,"[-1.5607211589813232, -0.43797776103019714, -1.0813169479370117, -1.1942501068115234, -1.2702325582504272, -0.18451720476150513]",VPPPPK,-11.050273895263672,"[-3.4572055339813232, -0.43797776103019714, -1.0813169479370117, -1.1942501068115234, -1.2702325582504272, -0.18451720476150513]",DPSSLK,-11.71878147125244,"[-2.001495361328125, -0.024822372943162918, -0.9606885313987732, -1.6097396612167358, -2.194060802459717, -0.18451720476150513]",PPGPPK,-12.36673069000244,"[-1.7799632549285889, -1.3054548501968384, -2.0363950729370117, -1.1942501068115234, -1.2702325582504272, -0.18451720476150513]","['L', 'P', 'A', 'P', 'P', 'G', 'L']",-0.3258449733257293,,"['L', 'P', 'S', 'S', 'L', 'K']",no_group,"L, P, A, P, P, G, L",24689.67459624721
chunk_019,9479,chunk_019:9479,638.280448840768,1,9254,GGGYGGR,-0.6222489476203918,,"['G', 'G', 'G', 'S[UNIMOD:21]', 'G', 'G', 'R']",-9.401851654052734,"[-0.7031088471412659, -0.4171846807003021, -0.3886970281600952, -1.4057512283325195, -1.6190714836120605, -1.8872815370559692, -0.843971848487854]",GGGS[UNIMOD:21]GGR,-9.401851654052734,"[-0.7031088471412659, -0.4171846807003021, -0.3886970281600952, -1.4057512283325195, -1.6190714836120605, -1.8872815370559692, -0.843971848487854]",GGS[UNIMOD:21]GGGR,-10.047643661499023,"[-0.27032580971717834, -0.5407366752624512, -1.5507827997207642, -1.1284074783325195, -1.6190714836120605, -1.8872815370559692, -0.843971848487854]",S[UNIMOD:21]GGGGGR,-10.705872535705566,"[-1.963005542755127, -0.9842194318771362, -1.0898452997207642, -1.1284074783325195, -1.6190714836120605, -1.8872815370559692, -0.843971848487854]",GGGGGS[UNIMOD:21]R,-10.70610237121582,"[-0.7550670504570007, -1.259985089302063, -1.1889910697937012, -1.1743077039718628, -1.2905988693237305, -2.0386486053466797, -0.843971848487854]",GGGGGGGGR,-11.181490898132324,"[-1.255516529083252, -0.8419944643974304, -0.6719898581504822, -0.9842194318771362, -1.0898452997207642, -1.1284074783325195, -1.6190714836120605, -1.8872815370559692, -0.843971848487854]","['G', 'G', 'G', 'Y', 'G', 'G', 'R']",-0.6222489476203918,,"['G', 'G', 'G', 'S[UNIMOD:21]', 'G', 'G', 'R']",no_group,"G, G, G, Y, G, G, R",21914.28997421408
chunk_020,7967,chunk_020:7967,689.395124277742,1,7917,LGGLFGR,-0.4735810160636902,,"['L', 'G', 'S[UNIMOD:21]', 'L', 'A', 'K']",-7.012801647186279,"[-0.035276710987091064, -0.9902801513671875, -1.6452713012695312, -1.5277962684631348, -1.0261670351028442, -0.0288996659219265]",LGS[UNIMOD:21]LAK,-7.012801647186279,"[-0.035276710987091064, -0.9902801513671875, -1.6452713012695312, -1.5277962684631348, -1.0261670351028442, -0.0288996659219265]",VLGS[UNIMOD:21]AK,-8.729869842529297,"[-1.820890188217163, -1.2196069955825806, -1.5223581790924072, -1.4750618934631348, -1.0261670351028442, -0.0288996659219265]",GGS[UNIMOD:21]LVK,-8.914995193481445,"[-1.9955883026123047, -1.525412917137146, -0.9664992094039917, -0.9251352548599243, -1.9206982851028442, -0.0288996659219265]",LLGS[UNIMOD:21]AK,-9.027311325073242,"[-1.152921438217163, -1.2196069955825806, -1.5223581790924072, -1.4750618934631348, -1.0261670351028442, -0.0288996659219265]",GLDLVK,-12.06710720062256,"[-1.9363386631011963, -1.1165945529937744, -1.4567335844039917, -0.9251352548599243, -1.9206982851028442, -0.0288996659219265]","['L', 'G', 'G', 'L', 'F', 'G', 'R']",-0.4735810160636902,,"['L', 'G', 'S[UNIMOD:21]', 'L', 'A', 'K']",no_group,"L, G, G, L, F, G, R",43552.37753344157
chunk_020,39698,chunk_020:39698,568.276035767156,1,38898,GPPSPGG,-0.428155779838562,,"['[UNIMOD:385]', 'P', 'P', 'S', 'H', 'F']",-22.998889923095703,"[-14.943727493286133, -6.058264255523682, -0.0008823553798720241, -0.02032266929745674, -0.07231049984693527, -1.9027929306030273]",[UNIMOD:385]PPSHF,-22.998889923095703,"[-14.943727493286133, -6.058264255523682, -0.0008823553798720241, -0.02032266929745674, -0.07231049984693527, -1.9027929306030273]",S[UNIMOD:21]LPR,-9.18664264678955,"[-1.5071585178375244, -1.5521762371063232, -1.0654044151306152, -1.0941991806030273]",T[UNIMOD:21]LPR,-10.023839950561523,"[-2.3069632053375244, -1.5521762371063232, -1.0654044151306152, -1.0941991806030273]",APSHF,-12.688362121582031,"[-3.0719361305236816, -0.0008823553798720241, -0.02032266929745674, -0.07231049984693527, -1.9027929306030273]",GPSHF,-16.435081481933594,"[-7.673498630523682, -0.0008823553798720241, -0.02032266929745674, -0.07231049984693527, -1.9027929306030273]","['G', 'P', 'P', 'S', 'P', 'G', 'G']",-0.428155779838562,,"['[UNIMOD:385]', 'P', 'P', 'S', 'H', 'F']",no_group,"G, P, P, S, P, G, G",6.0670641360680255
chunk_021,49153,chunk_021:49153,608.313166178482,1,48053,GLLASM[UNIMOD:35],-0.5452965497970581,,"['E', 'L', 'L', 'A', 'K']",-12.954442024230955,"[-1.657364010810852, -2.0001108646392822, -1.3678014278411865, -1.7931063175201416, -0.2636975646018982]",ELLAK,-12.954442024230955,"[-1.657364010810852, -2.0001108646392822, -1.3678014278411865, -1.7931063175201416, -0.2636975646018982]",ADPEK,-12.979555130004885,"[-1.7804381847381592, -1.1230217218399048, -1.6823921203613281, -1.9015047550201416, -0.2636975646018982]",LDPEK,-13.536821365356444,"[-2.325360059738159, -1.1230217218399048, -1.6823921203613281, -1.9015047550201416, -0.2636975646018982]",GGDPEK,-13.782135009765623,"[-2.49092173576355, -1.4386413097381592, -1.1230217218399048, -1.6823921203613281, -1.9015047550201416, -0.2636975646018982]",SDPEK,-14.488238334655762,"[-2.475750684738159, -1.1230217218399048, -1.6823921203613281, -1.9015047550201416, -0.2636975646018982]","['G', 'L', 'L', 'A', 'S', 'M[UNIMOD:35]']",-0.5452965497970581,,"['E', 'L', 'L', 'A', 'K']",no_group,"G, L, L, A, S, M[UNIMOD:35]",3.606401504887392
chunk_022,1465,chunk_022:1465,608.313166178482,1,1465,GLLASM[UNIMOD:35],-0.5987802743911743,,"['E', 'L', 'L', 'A', 'K']",-12.954442024230955,"[-1.657364010810852, -2.0001108646392822, -1.3678014278411865, -1.7931063175201416, -0.2636975646018982]",ELLAK,-12.954442024230955,"[-1.657364010810852, -2.0001108646392822, -1.3678014278411865, -1.7931063175201416, -0.2636975646018982]",ADPEK,-12.979555130004885,"[-1.7804381847381592, -1.1230217218399048, -1.6823921203613281, -1.9015047550201416, -0.2636975646018982]",LDPEK,-13.536821365356444,"[-2.325360059738159, -1.1230217218399048, -1.6823921203613281, -1.9015047550201416, -0.2636975646018982]",GGDPEK,-13.782135009765623,"[-2.49092173576355, -1.4386413097381592, -1.1230217218399048, -1.6823921203613281, -1.9015047550201416, -0.2636975646018982]",SDPEK,-14.488238334655762,"[-2.475750684738159, -1.1230217218399048, -1.6823921203613281, -1.9015047550201416, -0.2636975646018982]","['G', 'L', 'L', 'A', 'S', 'M[UNIMOD:35]']",-0.5987802743911743,,"['E', 'L', 'L', 'A', 'K']",no_group,"G, L, L, A, S, M[UNIMOD:35]",3.606401504887392
chunk_022,16390,chunk_022:16390,678.406090946868,1,15940,LPAPPGL,-0.3305217623710632,,"['L', 'S', 'G', 'S[UNIMOD:21]', 'P', 'K']",-8.035529136657715,"[-0.35719844698905945, -2.063983917236328, -0.1970558613538742, -0.8737449049949646, -2.227264881134033, -0.25436991453170776]",LSGS[UNIMOD:21]PK,-8.035529136657715,"[-0.35719844698905945, -2.063983917236328, -0.1970558613538742, -0.8737449049949646, -2.227264881134033, -0.25436991453170776]",GEGT[UNIMOD:21]PK,-10.145187377929688,"[-1.7305309772491455, -0.6054388284683228, -0.32119905948638916, -1.6510887145996094, -2.227264881134033, -0.25436991453170776]",AGS[UNIMOD:21]PEK,-11.304311752319336,"[-2.9126076698303223, -1.474526047706604, -0.5222839713096619, -1.1302084922790527, -1.6091006994247437, -0.25436991453170776]",GGS[UNIMOD:21]PEK,-13.348946571350098,"[-2.7060647010803223, -1.474526047706604, -0.5222839713096619, -1.1302084922790527, -1.6091006994247437, -0.25436991453170776]",PSGS[UNIMOD:21]PK,-13.821645736694336,"[-2.777120351791382, -2.063983917236328, -0.1970558613538742, -0.8737449049949646, -2.227264881134033, -0.25436991453170776]","['L', 'P', 'A', 'P', 'P', 'G', 'L']",-0.3305217623710632,,"['L', 'S', 'G', 'S[UNIMOD:21]', 'P', 'K']",no_group,"L, P, A, P, P, G, L",19162.3676737981
chunk_022,17958,chunk_022:17958,872.418888461627,1,17483,DFLDYAK,-0.9052506685256958,,"['G', 'S[UNIMOD:21]', 'L', 'D', 'L', 'E', 'K']",-8.423517227172852,"[-0.6409145593643188, -0.7375085949897766, -1.6882035732269287, -1.4563136100769043, -1.257582187652588, -1.2610869407653809, -0.3884630501270294]",GS[UNIMOD:21]LDLEK,-8.423517227172852,"[-0.6409145593643188, -0.7375085949897766, -1.6882035732269287, -1.4563136100769043, -1.257582187652588, -1.2610869407653809, -0.3884630501270294]",ALS[UNIMOD:21]DLEK,-10.290532112121582,"[-2.5437135696411133, -1.1348552703857422, -1.9704301357269287, -1.4563136100769043, -1.257582187652588, -1.2610869407653809, -0.3884630501270294]",AS[UNIMOD:21]LDLEK,-10.623089790344238,"[-3.4250941276550293, -0.7375085949897766, -1.6882035732269287, -1.4563136100769043, -1.257582187652588, -1.2610869407653809, -0.3884630501270294]",LPELEEK,-11.439611434936523,"[-1.7654037475585938, -1.2756328582763672, -0.998488187789917, -2.1688671112060547, -1.357191562652588, -1.2610869407653809, -0.3884630501270294]",GGPELEEK,-13.567486763000488,"[-2.4057233333587646, -2.0466537475585938, -1.2756328582763672, -0.998488187789917, -2.1688671112060547, -1.357191562652588, -1.2610869407653809, -0.3884630501270294]","['D', 'F', 'L', 'D', 'Y', 'A', 'K']",-0.9052506685256958,,"['G', 'S[UNIMOD:21]', 'L', 'D', 'L', 'E', 'K']",no_group,"D, F, L, D, Y, A, K",4.708218067378859
chunk_022,27894,chunk_022:27894,735.378207836444,1,27369,DNYVPK,-0.6485382318496704,,"['L', 'G', 'S[UNIMOD:21]', 'P', 'E', 'K']",-8.691424369812012,"[-1.5220807790756226, -0.9622480273246765, -0.9857260584831238, -1.8672689199447632, -0.5339069366455078, -0.38473087549209595]",LGS[UNIMOD:21]PEK,-8.691424369812012,"[-1.5220807790756226, -0.9622480273246765, -0.9857260584831238, -1.8672689199447632, -0.5339069366455078, -0.38473087549209595]",EGS[UNIMOD:21]PEK,-10.457395553588867,"[-2.127549648284912, -0.9622480273246765, -0.9857260584831238, -1.8672689199447632, -0.5339069366455078, -0.38473087549209595]",KGS[UNIMOD:21]PEK,-10.458560943603516,"[-2.447862148284912, -0.9622480273246765, -0.9857260584831238, -1.8672689199447632, -0.5339069366455078, -0.38473087549209595]",ESDLEK,-14.331270217895508,"[-1.942368984222412, -1.1414687633514404, -1.2054648399353027, -2.0078940391540527, -0.5339069366455078, -0.38473087549209595]",ASIVGEK,-22.07141494750977,"[-13.625006675720215, -0.042347777634859085, -1.4305104514278355e-06, -1.5103787183761597, -1.7032064199447632, -0.5339069366455078, -0.38473087549209595]","['D', 'N', 'Y', 'V', 'P', 'K']",-0.6485382318496704,,"['L', 'G', 'S[UNIMOD:21]', 'P', 'E', 'K']",no_group,"D, N, Y, V, P, K",14.947188163629026
chunk_022,33630,chunk_022:33630,730.254104628379,1,32980,M[UNIMOD:35]GS[UNIMOD:21]PTR,-0.5541813373565674,,"['L', 'G', 'S[UNIMOD:21]', 'P', 'L', 'K']",-6.248526573181152,"[-0.5765186548233032, -1.363050103187561, -0.5368791222572327, -1.4936550855636597, -1.4943578243255615, -0.27322325110435486]",LGS[UNIMOD:21]PLK,-6.248526573181152,"[-0.5765186548233032, -1.363050103187561, -0.5368791222572327, -1.4936550855636597, -1.4943578243255615, -0.27322325110435486]",GS[UNIMOD:21]PLLK,-9.965076446533203,"[-1.1150321960449219, -0.1278722733259201, -1.2898491621017456, -1.9838894605636597, -1.4943578243255615, -0.27322325110435486]",EGDPEK,-11.377391815185549,"[-1.3198575973510742, -1.0513547658920288, -1.6301298141479492, -1.594038963317871, -1.7990453243255615, -0.27322325110435486]",S[UNIMOD:21]GDPEK,-12.14732551574707,"[-0.6889982223510742, -1.0513547658920288, -1.6301298141479492, -1.594038963317871, -1.7990453243255615, -0.27322325110435486]",GSGS[UNIMOD:21]PLK,-12.803411483764648,"[-4.166873455047607, -2.7630419731140137, -1.363050103187561, -0.5368791222572327, -1.4936550855636597, -1.4943578243255615, -0.27322325110435486]","['M[UNIMOD:35]', 'G', 'S[UNIMOD:21]', 'P', 'T', 'R']",-0.5541813373565674,,"['L', 'G', 'S[UNIMOD:21]', 'P', 'L', 'K']",no_group,"M[UNIMOD:35], G, S[UNIMOD:21], P, T, R",19199.08191239243
chunk_023,35646,chunk_023:35646,538.791840714772,1,35271,VFAVVA,-0.5772250890731812,,"['V', 'G', 'P', 'E', 'K']",-11.941516876220703,"[-3.045400619506836, -0.7410671710968018, -0.5638700127601624, -1.3586843013763428, -0.6719282865524292]",VGPEK,-11.941516876220703,"[-3.045400619506836, -0.7410671710968018, -0.5638700127601624, -1.3586843013763428, -0.6719282865524292]",PGPEK,-12.302923202514648,"[-2.309072494506836, -0.7410671710968018, -0.5638700127601624, -1.3586843013763428, -0.6719282865524292]",GGPEK,-12.533706665039062,"[-2.888174057006836, -0.7410671710968018, -0.5638700127601624, -1.3586843013763428, -0.6719282865524292]",AGGPPK,-17.70287322998047,"[-2.9330906867980957, -1.9919224977493286, -0.7997342348098755, -1.3311554193496704, -1.6174733638763428, -0.6719282865524292]",GGGPPK,-18.161163330078125,"[-4.026962757110596, -1.9919224977493286, -0.7997342348098755, -1.3311554193496704, -1.6174733638763428, -0.6719282865524292]","['V', 'F', 'A', 'V', 'V', 'A']",-0.5772250890731812,,"['V', 'G', 'P', 'E', 'K']",no_group,"V, F, A, V, V, A",123561.48377620152
chunk_026,19273,chunk_026:19273,688.364958716753,1,19173,GGLGSGGLA,-0.7882083654403687,,"['G', 'G', 'L', 'G', 'S[UNIMOD:21]', 'A', 'K']",-9.236498832702637,"[-1.8207786083221436, -1.723421335220337, -1.166208267211914, -1.0024529695510864, -1.894037127494812, -0.40152087807655334, -0.33976590633392334]",GGLGS[UNIMOD:21]AK,-9.236498832702637,"[-1.8207786083221436, -1.723421335220337, -1.166208267211914, -1.0024529695510864, -1.894037127494812, -0.40152087807655334, -0.33976590633392334]",AGLGS[UNIMOD:21]AK,-10.58384609222412,"[-2.7958762645721436, -1.723421335220337, -1.166208267211914, -1.0024529695510864, -1.894037127494812, -0.40152087807655334, -0.33976590633392334]",AADDGAK,-10.730260848999023,"[-1.6116688251495361, -1.7169461250305176, -1.1102087497711182, -2.1193418502807617, -1.015130877494812, -0.40152087807655334, -0.33976590633392334]",AGS[UNIMOD:21]PGAK,-11.161511421203612,"[-6.465389251708984, -0.06858798861503601, -0.307881623506546, -1.4416073560714722, -1.015130877494812, -0.40152087807655334, -0.33976590633392334]",PADDGAK,-11.310977935791016,"[-1.5198719501495361, -1.7169461250305176, -1.1102087497711182, -2.1193418502807617, -1.015130877494812, -0.40152087807655334, -0.33976590633392334]","['G', 'G', 'L', 'G', 'S', 'G', 'G', 'L', 'A']",-0.7882083654403687,,"['G', 'G', 'L', 'G', 'S[UNIMOD:21]', 'A', 'K']",no_group,"G, G, L, G, S, G, G, L, A",3.621213894444817
chunk_029,37154,chunk_029:37154,624.347912768657,1,36479,APAGRPA,-0.4519838094711303,,"['S[UNIMOD:21]', 'P', 'L', 'G', 'R']",-2.1276423931121826,"[-0.0006394725642167032, -0.00021240839851088822, -0.07766813784837723, -0.9265211224555969, -0.0027718241326510906]",S[UNIMOD:21]PLGR,-2.1276423931121826,"[-0.0006394725642167032, -0.00021240839851088822, -0.07766813784837723, -0.9265211224555969, -0.0027718241326510906]",S[UNIMOD:21]PGLR,-2.439746856689453,"[-0.0008228015503846109, -2.1457441107486375e-05, -0.003605177393183112, -1.0671460628509521, -0.0027718241326510906]",S[UNIMOD:21]PVAR,-3.943170070648194,"[-0.0012142435880377889, -2.0265373677830212e-05, -0.0031294680666178465, -2.524177312850952, -0.0027718241326510906]",S[UNIMOD:21]PGIR,-4.372486591339111,"[-0.0031909046228975058, -1.0013530300057027e-05, -0.002508828416466713, -2.223396062850952, -0.0027718241326510906]",S[UNIMOD:21]PAVR,-4.707894802093506,"[-0.0015525680501013994, -4.029192859889008e-05, -0.006948829162865877, -2.891364812850952, -0.0027718241326510906]","['A', 'P', 'A', 'G', 'R', 'P', 'A']",-0.4519838094711303,,"['S[UNIMOD:21]', 'P', 'L', 'G', 'R']",no_group,"A, P, A, G, R, P, A",24040.13519446883
chunk_030,3859,chunk_030:3859,736.284183062099,1,3834,DC[UNIMOD:4]TLLK,-0.7152926921844482,,"['D', 'S[UNIMOD:21]', 'P', 'L', 'A', 'K']",-8.850848197937012,"[-2.062251091003418, -0.9601892232894897, -1.5980476140975952, -0.9529541730880737, -1.8679779767990112, -0.053303852677345276]",DS[UNIMOD:21]PLAK,-8.850848197937012,"[-2.062251091003418, -0.9601892232894897, -1.5980476140975952, -0.9529541730880737, -1.8679779767990112, -0.053303852677345276]",LLGS[UNIMOD:21]LK,-8.892910957336426,"[-2.0007097721099854, -1.0190562009811401, -1.447214961051941, -2.114097833633423, -1.2429779767990112, -0.053303852677345276]",IS[UNIMOD:21]PLAK,-9.45847988128662,"[-2.266352653503418, -0.9601892232894897, -1.5980476140975952, -0.9529541730880737, -1.8679779767990112, -0.053303852677345276]",GGS[UNIMOD:21]PLAK,-11.408154487609863,"[-3.3326263427734375, -2.309321403503418, -0.9601892232894897, -1.5980476140975952, -0.9529541730880737, -1.8679779767990112, -0.053303852677345276]",AGS[UNIMOD:21]PLAK,-12.67604637145996,"[-3.9979095458984375, -2.309321403503418, -0.9601892232894897, -1.5980476140975952, -0.9529541730880737, -1.8679779767990112, -0.053303852677345276]","['D', 'C[UNIMOD:4]', 'T', 'L', 'L', 'K']",-0.7152926921844482,,"['D', 'S[UNIMOD:21]', 'P', 'L', 'A', 'K']",no_group,"D, C[UNIMOD:4], T, L, L, K",17794.82194417315
chunk_032,9244,chunk_032:9244,584.304341003562,1,8919,VPPEAA,-0.9402846693992616,,"['[UNIMOD:385]', 'V', 'P', 'E', 'E', 'K']",-25.779335021972656,"[-18.773693084716797, -5.189938545227051, -0.06146238371729851, -0.2972603738307953, -1.2570064067840576, -0.1999107003211975]",[UNIMOD:385]VPEEK,-25.779335021972656,"[-18.773693084716797, -5.189938545227051, -0.06146238371729851, -0.2972603738307953, -1.2570064067840576, -0.1999107003211975]",APEEK,-14.29474639892578,"[-4.846188545227051, -0.06146238371729851, -0.2972603738307953, -1.2570064067840576, -0.1999107003211975]",GPEEK,-15.176733016967772,"[-6.786862373352051, -0.06146238371729851, -0.2972603738307953, -1.2570064067840576, -0.1999107003211975]",GPFEK,-15.790477752685549,"[-6.007717132568359, -0.2698066532611847, -2.557025909423828, -1.2570064067840576, -0.1999107003211975]",GPEFK,-16.489784240722656,"[-6.425527095794678, -0.5252701640129089, -0.6137905120849609, -2.2091548442840576, -0.1999107003211975]","['V', 'P', 'P', 'E', 'A', 'A']",-0.9402846693992616,,"['[UNIMOD:385]', 'V', 'P', 'E', 'E', 'K']",no_group,"V, P, P, E, A, A",13.089063183829396
chunk_034,8949,chunk_034:8949,683.30241575392,1,8949,ASSGLTM[UNIMOD:35],-1.210222244262695,,"['[UNIMOD:385]', 'S', 'S', 'S[UNIMOD:21]', 'L', 'V', 'K']",-26.48855209350586,"[-19.095279693603516, -1.4621902704238892, -1.6992720365524292, -1.3131639957427979, -1.2996768951416016, -1.4402198791503906, -0.1787472814321518]",[UNIMOD:385]SSS[UNIMOD:21]LVK,-26.48855209350586,"[-19.095279693603516, -1.4621902704238892, -1.6992720365524292, -1.3131639957427979, -1.2996768951416016, -1.4402198791503906, -0.1787472814321518]",GSS[UNIMOD:21]LVK,-8.774051666259766,"[-1.6262527704238892, -1.6992720365524292, -1.3131639957427979, -1.2996768951416016, -1.4402198791503906, -0.1787472814321518]",GEDLVK,-10.644403457641602,"[-1.8934513330459595, -1.28018319606781, -1.4557421207427979, -1.2996768951416016, -1.4402198791503906, -0.1787472814321518]",LSGFIK,-18.229637145996094,"[-1.2397689715726301e-05, -0.11571969836950302, -1.2564160823822021, -1.0082485675811768, -2.1277198791503906, -0.1787472814321518]",DGFSVK,-18.64016532897949,"[-1.811964830267243e-05, -0.0003332536434754729, -0.25534823536872864, -1.8133487701416016, -1.4402198791503906, -0.1787472814321518]","['A', 'S', 'S', 'G', 'L', 'T', 'M[UNIMOD:35]']",-1.210222244262695,,"['[UNIMOD:385]', 'S', 'S', 'S[UNIMOD:21]', 'L', 'V', 'K']",no_group,"A, S, S, G, L, T, M[UNIMOD:35]",12.554098861961622
chunk_034,13713,chunk_034:13713,487.286203868692,2,13638,ATIENVKAK,-0.4963611364364624,,"['A', 'T', 'I', 'E', 'N', 'V', 'K', 'A', 'K']",-3.952658176422119,"[-1.2680573463439941, -0.0016495682066306472, -0.00030071981018409133, -0.002062933286651969, -0.01959093101322651, -0.05310819298028946, -0.48721519112586975, -1.0683681964874268, -0.3451036810874939]",ATIENVKAK,-3.952658176422119,"[-1.2680573463439941, -0.0016495682066306472, -0.00030071981018409133, -0.002062933286651969, -0.01959093101322651, -0.05310819298028946, -0.48721519112586975, -1.0683681964874268, -0.3451036810874939]",ATIEGAVGKK,-5.371547698974609,"[-0.5754314661026001, -0.005994555540382862, -0.07202945649623871, -0.0016688480973243713, -0.001029438222758472, -0.4995303750038147, -1.0637195110321045, -0.7096778750419617, -1.0605556964874268, -0.3451036810874939]",ATIENLGKK,-5.642702102661133,"[-1.1235255002975464, -0.007674613501876593, -0.3265482783317566, -0.010705304332077503, -0.03357638046145439, -1.0949695110321045, -0.7096778750419617, -1.0605556964874268, -0.3451036810874939]",ATIEGNLKK,-5.90714168548584,"[-0.8111872673034668, -0.010705304332077503, -0.37459152936935425, -0.0033403809648007154, -7.712543447269127e-05, -0.06203629821538925, -2.0299904346466064, -1.0605556964874268, -0.3451036810874939]",[UNIMOD:385]STIEGAVGKK,-15.51561164855957,"[-8.687618255615234, -3.0334391593933105, -0.005994555540382862, -0.07202945649623871, -0.0016688480973243713, -0.001029438222758472, -0.4995303750038147, -1.0637195110321045, -0.7096778750419617, -1.0605556964874268, -0.3451036810874939]","['A', 'T', 'I', 'E', 'N', 'V', 'K', 'A', 'K']",-0.4963611364364624,,"['A', 'T', 'I', 'E', 'N', 'V', 'K', 'A', 'K']",no_group,"A, T, I, E, N, V, K, A, K",2.6332190360142547
chunk_034,18827,chunk_034:18827,791.346764590768,1,18702,HGWS[UNIMOD:21]PR,-0.6949902772903442,,"['L', 'G', 'S[UNIMOD:21]', 'S[UNIMOD:21]', 'P', 'R']",-6.631502151489258,"[-0.07733596861362457, -0.3485712707042694, -1.544555425643921, -1.4179264307022095, -2.2303683757781982, -0.5407624244689941]",LGS[UNIMOD:21]S[UNIMOD:21]PR,-6.631502151489258,"[-0.07733596861362457, -0.3485712707042694, -1.544555425643921, -1.4179264307022095, -2.2303683757781982, -0.5407624244689941]",S[UNIMOD:21]IGS[UNIMOD:21]PR,-9.338995933532717,"[-1.9775135517120361, -1.1290793418884277, -1.433227300643921, -1.4179264307022095, -2.2303683757781982, -0.5407624244689941]",GLIGS[UNIMOD:21]PR,-10.362268447875977,"[-1.5659822225570679, -1.8993885517120361, -1.1290793418884277, -1.433227300643921, -1.4179264307022095, -2.2303683757781982, -0.5407624244689941]",LGIGS[UNIMOD:21]PR,-10.52750015258789,"[-1.2362865209579468, -1.8134510517120361, -1.1290793418884277, -1.433227300643921, -1.4179264307022095, -2.2303683757781982, -0.5407624244689941]",DGIGS[UNIMOD:21]PR,-11.388376235961914,"[-2.4335522651672363, -1.8134510517120361, -1.1290793418884277, -1.433227300643921, -1.4179264307022095, -2.2303683757781982, -0.5407624244689941]","['H', 'G', 'W', 'S[UNIMOD:21]', 'P', 'R']",-0.6949902772903442,,"['L', 'G', 'S[UNIMOD:21]', 'S[UNIMOD:21]', 'P', 'R']",no_group,"H, G, W, S[UNIMOD:21], P, R",35360.861586011335
chunk_034,27946,chunk_034:27946,638.275977133608,1,27646,GGGYGGR,-0.7256124019622803,,"['G', 'G', 'G', 'S[UNIMOD:21]', 'G', 'G', 'R']",-7.951242446899414,"[-0.977336049079895, -0.42221105098724365, -0.642096757888794, -1.0174682140350342, -1.8061491250991821, -1.623570442199707, -0.7469817399978638]",GGGS[UNIMOD:21]GGR,-7.951242446899414,"[-0.977336049079895, -0.42221105098724365, -0.642096757888794, -1.0174682140350342, -1.8061491250991821, -1.623570442199707, -0.7469817399978638]",SGS[UNIMOD:21]GGR,-8.682765007019043,"[-2.484711170196533, -0.642096757888794, -1.0174682140350342, -1.8061491250991821, -1.623570442199707, -0.7469817399978638]",LGS[UNIMOD:21]GGR,-9.259747505187988,"[-2.920258045196533, -0.642096757888794, -1.0174682140350342, -1.8061491250991821, -1.623570442199707, -0.7469817399978638]",AGS[UNIMOD:21]GGR,-9.74443244934082,"[-3.526703357696533, -0.642096757888794, -1.0174682140350342, -1.8061491250991821, -1.623570442199707, -0.7469817399978638]",VGS[UNIMOD:21]GGR,-10.478116989135742,"[-3.656097888946533, -0.642096757888794, -1.0174682140350342, -1.8061491250991821, -1.623570442199707, -0.7469817399978638]","['G', 'G', 'G', 'Y', 'G', 'G', 'R']",-0.7256124019622803,,"['G', 'G', 'G', 'S[UNIMOD:21]', 'G', 'G', 'R']",no_group,"G, G, G, Y, G, G, R",21907.437588993
chunk_036,11041,chunk_036:11041,728.276972003728,1,10741,MGS[UNIMOD:21]PTR,-0.5603461861610413,,"['L', 'G', 'S[UNIMOD:21]', 'I', 'P', 'R']",-7.82205057144165,"[-1.990347981452942, -1.032454252243042, -2.067389488220215, -0.8367935419082642, -1.5627100467681885, -0.018197370693087578]",LGS[UNIMOD:21]IPR,-7.82205057144165,"[-1.990347981452942, -1.032454252243042, -2.067389488220215, -0.8367935419082642, -1.5627100467681885, -0.018197370693087578]",SYSIPR,-9.748506546020508,"[-1.8877357244491577, -1.952073097229004, -2.050787925720215, -0.8367935419082642, -1.5627100467681885, -0.018197370693087578]",SSYIPR,-11.574789047241213,"[-2.0361931324005127, -1.7557506561279297, -1.8711004257202148, -0.8367935419082642, -1.5627100467681885, -0.018197370693087578]",GSYIPR,-12.088228225708008,"[-2.2520134449005127, -1.7557506561279297, -1.8711004257202148, -0.8367935419082642, -1.5627100467681885, -0.018197370693087578]",GGGS[UNIMOD:21]IPR,-12.191987991333008,"[-4.771430015563965, -1.699332356452942, -1.032454252243042, -2.067389488220215, -0.8367935419082642, -1.5627100467681885, -0.018197370693087578]","['M', 'G', 'S[UNIMOD:21]', 'P', 'T', 'R']",-0.5603461861610413,,"['L', 'G', 'S[UNIMOD:21]', 'I', 'P', 'R']",no_group,"M, G, S[UNIMOD:21], P, T, R",3.3311451072255336
chunk_036,33220,chunk_036:33220,734.308767726459,1,32845,SLS[UNIMOD:21]GYK,-0.5483812093734741,,"['P', 'V', 'L', 'G', 'S[UNIMOD:21]', 'K']",-9.632194519042969,"[-1.7354955673217773, -1.5173628330230713, -1.3917230367660522, -1.3208717107772827, -2.0783748626708984, -0.06107577681541443]",PVLGS[UNIMOD:21]K,-9.632194519042969,"[-1.7354955673217773, -1.5173628330230713, -1.3917230367660522, -1.3208717107772827, -2.0783748626708984, -0.06107577681541443]",SLDLEK,-12.14388656616211,"[-1.873305082321167, -1.1763484477996826, -1.0164023637771606, -1.604634165763855, -1.8967342376708984, -0.06107577681541443]",S[UNIMOD:21]GDPEK,-12.81884765625,"[-1.781097650527954, -1.4295510053634644, -0.9204070568084717, -1.723774790763855, -1.8967342376708984, -0.06107577681541443]",ALDLEK,-13.22381591796875,"[-2.466078519821167, -1.1763484477996826, -1.0164023637771606, -1.604634165763855, -1.8967342376708984, -0.06107577681541443]",GEGDPEK,-13.441420555114746,"[-3.442483425140381, -1.650238275527954, -1.4295510053634644, -0.9204070568084717, -1.723774790763855, -1.8967342376708984, -0.06107577681541443]","['S', 'L', 'S[UNIMOD:21]', 'G', 'Y', 'K']",-0.5483812093734741,,"['P', 'V', 'L', 'G', 'S[UNIMOD:21]', 'K']",no_group,"S, L, S[UNIMOD:21], G, Y, K",4.0640581622274405
chunk_040,16014,chunk_040:16014,580.792305398449,1,15664,VPAPPK,-0.617377758026123,,"['S', 'P', 'A', 'P', 'R']",-10.28782081604004,"[-0.5662569999694824, -0.08453106135129929, -0.8166595697402954, -0.7778427600860596, -0.41527560353279114]",SPAPR,-10.28782081604004,"[-0.5662569999694824, -0.08453106135129929, -0.8166595697402954, -0.7778427600860596, -0.41527560353279114]",PASPR,-12.453668594360352,"[-0.1880292147397995, -1.4402107000350952, -1.4455658197402954, -0.7778427600860596, -0.41527560353279114]",TPAPR,-12.818830490112305,"[-1.6951632499694824, -0.08453106135129929, -0.8166595697402954, -0.7778427600860596, -0.41527560353279114]",GPAPAR,-13.174087524414062,"[-1.842700481414795, -0.2748755216598511, -0.930693507194519, -0.4461841583251953, -1.8735458850860596, -0.41527560353279114]",GAPAPR,-15.278160095214844,"[-3.743971347808838, -1.8123507499694824, -0.08453106135129929, -0.8166595697402954, -0.7778427600860596, -0.41527560353279114]","['V', 'P', 'A', 'P', 'P', 'K']",-0.617377758026123,,"['S', 'P', 'A', 'P', 'R']",no_group,"V, P, A, P, P, K",47494.35098425923
chunk_044,30762,chunk_044:30762,613.330951605029,1,30412,LPSAGPA,-0.6370542049407959,,"['L', 'G', 'S[UNIMOD:21]', 'A', 'G', 'K']",-9.312053680419922,"[-1.314291000366211, -1.2605209350585938, -1.1795806884765625, -1.2098674774169922, -2.273961305618286, -0.31393125653266907]",LGS[UNIMOD:21]AGK,-9.312053680419922,"[-1.314291000366211, -1.2605209350585938, -1.1795806884765625, -1.2098674774169922, -2.273961305618286, -0.31393125653266907]",PGS[UNIMOD:21]AGK,-10.596610069274902,"[-1.828939437866211, -1.2605209350585938, -1.1795806884765625, -1.2098674774169922, -2.273961305618286, -0.31393125653266907]",GGDPEK,-11.312320709228516,"[-2.711245059967041, -0.6343489289283752, -1.2814514636993408, -1.6230599880218506, -1.7505238056182861, -0.31393125653266907]",AGS[UNIMOD:21]AGK,-12.29400634765625,"[-2.582845687866211, -1.2605209350585938, -1.1795806884765625, -1.2098674774169922, -2.273961305618286, -0.31393125653266907]",GGGS[UNIMOD:21]AGK,-12.459905624389648,"[-2.4452052116394043, -1.781087875366211, -1.2605209350585938, -1.1795806884765625, -1.2098674774169922, -2.273961305618286, -0.31393125653266907]","['L', 'P', 'S', 'A', 'G', 'P', 'A']",-0.6370542049407959,,"['L', 'G', 'S[UNIMOD:21]', 'A', 'G', 'K']",no_group,"L, P, S, A, G, P, A",12.369170267916022
chunk_045,21237,chunk_045:21237,607.309884387398,1,20862,GLLASM[UNIMOD:35],-0.6555590033531189,,"['T[UNIMOD:21]', 'L', 'L', 'K']",-7.870221138000488,"[-2.050065755844116, -1.7488481998443604, -1.7541849613189697, -0.1575734168291092]",T[UNIMOD:21]LLK,-7.870221138000488,"[-2.050065755844116, -1.7488481998443604, -1.7541849613189697, -0.1575734168291092]",ADLEK,-10.86045265197754,"[-2.611161947250366, -1.49338698387146, -1.538088321685791, -2.1584818363189697, -0.1575734168291092]",SDLEK,-11.619449615478516,"[-2.201005697250366, -1.49338698387146, -1.538088321685791, -2.1584818363189697, -0.1575734168291092]",GS[UNIMOD:21]PLK,-11.647384643554688,"[-2.2810795307159424, -0.3529207706451416, -2.3416216373443604, -1.7541849613189697, -0.1575734168291092]",GS[UNIMOD:21]LLK,-12.481815338134766,"[-2.694288730621338, -1.3947923183441162, -1.7488481998443604, -1.7541849613189697, -0.1575734168291092]","['G', 'L', 'L', 'A', 'S', 'M[UNIMOD:35]']",-0.6555590033531189,,"['T[UNIMOD:21]', 'L', 'L', 'K']",no_group,"G, L, L, A, S, M[UNIMOD:35]",3.500046115834452
chunk_048,42965,chunk_048:42965,684.268432117365,1,42015,GGGGYGGR,-0.56032395362854,,"['G', 'G', 'G', 'G', 'S[UNIMOD:21]', 'G', 'G', 'R']",-9.08106803894043,"[-0.8359922766685486, -0.6902377605438232, -0.8163015842437744, -0.8118160963058472, -1.2616748809814453, -1.7008581161499023, -1.834194302558899, -0.8000620603561401]",GGGGS[UNIMOD:21]GGR,-9.08106803894043,"[-0.8359922766685486, -0.6902377605438232, -0.8163015842437744, -0.8118160963058472, -1.2616748809814453, -1.7008581161499023, -1.834194302558899, -0.8000620603561401]",[UNIMOD:5]AGGS[UNIMOD:21]GGR,-17.224111557006836,"[-8.933960914611816, -1.0652377605438232, -0.8163015842437744, -0.8118160963058472, -1.2616748809814453, -1.7008581161499023, -1.834194302558899, -0.8000620603561401]",[UNIMOD:1]AGGS[UNIMOD:21]GGR,-18.93309211730957,"[-10.642945289611816, -1.0652377605438232, -0.8163015842437744, -0.8118160963058472, -1.2616748809814453, -1.7008581161499023, -1.834194302558899, -0.8000620603561401]",S[UNIMOD:21]GS[UNIMOD:21]GGR,-7.628812313079834,"[-1.0819265842437744, -0.8118160963058472, -1.2616748809814453, -1.7008581161499023, -1.834194302558899, -0.8000620603561401]",LGS[UNIMOD:21]LGR,-9.255399703979492,"[-1.7097034454345703, -1.3227648735046387, -0.8460299968719482, -1.8629674911499023, -1.834194302558899, -0.8000620603561401]","['G', 'G', 'G', 'G', 'Y', 'G', 'G', 'R']",-0.56032395362854,,"['G', 'G', 'G', 'G', 'S[UNIMOD:21]', 'G', 'G', 'R']",no_group,"G, G, G, G, Y, G, G, R",4316.993125379769
chunk_049,37725,chunk_049:37725,680.290101029182,1,37275,EAPGPPK,-0.4409916400909424,,"['[UNIMOD:5]', 'A', 'P', 'G', 'S[UNIMOD:21]', 'P', 'K']",-18.76497268676757,"[-11.139688491821289, -2.1897201538085938, -1.2121152877807617, -1.1848561763763428, -0.6647560000419617, -1.8631560802459717, -0.510680615901947]",[UNIMOD:5]APGS[UNIMOD:21]PK,-18.76497268676757,"[-11.139688491821289, -2.1897201538085938, -1.2121152877807617, -1.1848561763763428, -0.6647560000419617, -1.8631560802459717, -0.510680615901947]",LPGS[UNIMOD:21]PK,-8.215879440307617,"[-1.0256575345993042, -1.2121152877807617, -1.1848561763763428, -0.6647560000419617, -1.8631560802459717, -0.510680615901947]",APGS[UNIMOD:21]PR,-9.687186241149902,"[-1.2110567092895508, -0.5336634516716003, -1.2723851203918457, -0.8744226694107056, -1.622928500175476, -0.955993115901947]",PIGS[UNIMOD:21]PK,-10.537677764892578,"[-2.2108020782470703, -1.4406309127807617, -1.1848561763763428, -0.6647560000419617, -1.8631560802459717, -0.510680615901947]",PPGS[UNIMOD:21]PK,-11.468080520629885,"[-1.6623762845993042, -1.2121152877807617, -1.1848561763763428, -0.6647560000419617, -1.8631560802459717, -0.510680615901947]","['E', 'A', 'P', 'G', 'P', 'P', 'K']",-0.4409916400909424,,"['[UNIMOD:5]', 'A', 'P', 'G', 'S[UNIMOD:21]', 'P', 'K']",no_group,"E, A, P, G, P, P, K",22170.249056984347
chunk_054,32151,chunk_054:32151,666.347289065246,1,31601,LPSAFF,-0.478801965713501,,"['L', 'P', 'G', 'A', 'F', 'K']",-8.143930435180664,"[-1.1457511186599731, -0.0037113612052053213, -0.2118397057056427, -0.7448069453239441, -2.195828914642334, -0.380731463432312]",LPGAFK,-8.143930435180664,"[-1.1457511186599731, -0.0037113612052053213, -0.2118397057056427, -0.7448069453239441, -2.195828914642334, -0.380731463432312]",DPGAFK,-9.001020431518555,"[-2.5227041244506836, -0.0037113612052053213, -0.2118397057056427, -0.7448069453239441, -2.195828914642334, -0.380731463432312]",GSPGAFK,-9.234999656677246,"[-2.121487617492676, -2.5676259994506836, -0.0037113612052053213, -0.2118397057056427, -0.7448069453239441, -2.195828914642334, -0.380731463432312]",QPGAFK,-10.658485412597656,"[-2.4875478744506836, -0.0037113612052053213, -0.2118397057056427, -0.7448069453239441, -2.195828914642334, -0.380731463432312]",EPGAFK,-10.755115509033203,"[-2.7097158432006836, -0.0037113612052053213, -0.2118397057056427, -0.7448069453239441, -2.195828914642334, -0.380731463432312]","['L', 'P', 'S', 'A', 'F', 'F']",-0.478801965713501,,"['L', 'P', 'G', 'A', 'F', 'K']",no_group,"L, P, S, A, F, F",22530.87118552684
chunk_055,49059,chunk_055:49059,607.304626016293,1,48084,GLLASM[UNIMOD:35],-0.8326476812362671,,"['S', 'L', 'L', 'E', 'K']",-10.715336799621582,"[-2.299975872039795, -1.590793251991272, -1.0508489608764648, -2.3128175735473633, -0.12943501770496368]",SLLEK,-10.715336799621582,"[-2.299975872039795, -1.590793251991272, -1.0508489608764648, -2.3128175735473633, -0.12943501770496368]",ALLEK,-12.040176391601562,"[-1.757007122039795, -1.590793251991272, -1.0508489608764648, -2.3128175735473633, -0.12943501770496368]",AELLK,-12.971025466918944,"[-2.175644874572754, -1.9554250240325928, -1.0715314149856567, -1.4221926927566528, -0.12943501770496368]",ELLPK,-14.177106857299805,"[-2.4776976108551025, -1.167239785194397, -1.1222813129425049, -2.4680910110473633, -0.12943501770496368]",PELLK,-14.231590270996094,"[-2.584824562072754, -1.9554250240325928, -1.0715314149856567, -1.4221926927566528, -0.12943501770496368]","['G', 'L', 'L', 'A', 'S', 'M[UNIMOD:35]']",-0.8326476812362671,,"['S', 'L', 'L', 'E', 'K']",no_group,"G, L, L, A, S, M[UNIMOD:35]",12.158615941078942
chunk_057,2814,chunk_057:2814,378.174656526451,2,2764,TS[UNIMOD:21]AIQR,-0.4418777227401733,,"['A', 'P', 'A', 'P', 'Y[UNIMOD:21]', 'R']",-11.542193412780762,"[-2.634377956390381, -0.17985449731349945, -2.118917226791382, -0.05390268564224243, -1.217911720275879, -0.2133098989725113]",APAPY[UNIMOD:21]R,-11.542193412780762,"[-2.634377956390381, -0.17985449731349945, -2.118917226791382, -0.05390268564224243, -1.217911720275879, -0.2133098989725113]",GPAPY[UNIMOD:21]R,-10.88874340057373,"[-1.7720732688903809, -0.17985449731349945, -2.118917226791382, -0.05390268564224243, -1.217911720275879, -0.2133098989725113]",DPLLLR,-17.02369499206543,"[-3.953904628753662, -0.6184415221214294, -0.4970611333847046, -0.9340246319770813, -2.003067970275879, -0.2133098989725113]",PPLLLR,-17.428218841552734,"[-1.026170253753662, -0.6184415221214294, -0.4970611333847046, -0.9340246319770813, -2.003067970275879, -0.2133098989725113]",VHLLLR,-17.674238204956055,"[-3.1029274463653564, -0.8840665221214294, -0.4970611333847046, -0.9340246319770813, -2.003067970275879, -0.2133098989725113]","['T', 'S[UNIMOD:21]', 'A', 'I', 'Q', 'R']",-0.4418777227401733,,"['A', 'P', 'A', 'P', 'Y[UNIMOD:21]', 'R']",no_group,"T, S[UNIMOD:21], A, I, Q, R",3.17835563088764
chunk_057,12935,chunk_057:12935,812.240549977673,1,12760,SS[UNIMOD:21]PS[UNIMOD:21]FR,-0.728924036026001,,"['G', 'S[UNIMOD:21]', 'K', 'S[UNIMOD:21]', 'P', 'K']",-6.615447044372559,"[-1.0368568897247314, -0.6731069684028625, -1.8324048519134521, -1.4571962356567383, -1.042527437210083, -0.3322007954120636]",GS[UNIMOD:21]KS[UNIMOD:21]PK,-6.615447044372559,"[-1.0368568897247314, -0.6731069684028625, -1.8324048519134521, -1.4571962356567383, -1.042527437210083, -0.3322007954120636]",FAPGT[UNIMOD:21]PK,-8.41982364654541,"[-2.9538350105285645, -0.9094517827033997, -0.43473464250564575, -0.7056173086166382, -1.7970399856567383, -1.042527437210083, -0.3322007954120636]",PVPGT[UNIMOD:21]PK,-9.712324142456056,"[-0.6396304368972778, -1.9621860980987549, -0.43473464250564575, -0.7056173086166382, -1.7970399856567383, -1.042527437210083, -0.3322007954120636]",GPAPGT[UNIMOD:21]PK,-10.400282859802246,"[-4.515928745269775, -0.547585129737854, -0.9094517827033997, -0.43473464250564575, -0.7056173086166382, -1.7970399856567383, -1.042527437210083, -0.3322007954120636]",AGAPGT[UNIMOD:21]PK,-10.590871810913086,"[-1.8281008005142212, -2.2057881355285645, -0.9094517827033997, -0.43473464250564575, -0.7056173086166382, -1.7970399856567383, -1.042527437210083, -0.3322007954120636]","['S', 'S[UNIMOD:21]', 'P', 'S[UNIMOD:21]', 'F', 'R']",-0.728924036026001,,"['G', 'S[UNIMOD:21]', 'K', 'S[UNIMOD:21]', 'P', 'K']",no_group,"S, S[UNIMOD:21], P, S[UNIMOD:21], F, R",34506.648336010025
chunk_058,5101,chunk_058:5101,610.183769741182,1,5076,M[UNIMOD:35]SFPM[UNIMOD:35],-0.7860569953918457,,"['A', 'T[UNIMOD:21]', 'I', 'P', 'K']",-9.17822265625,"[-2.6826224327087402, -1.9888521432876587, -0.7161064147949219, -1.8865971565246582, -0.3720220625400543]",AT[UNIMOD:21]IPK,-9.17822265625,"[-2.6826224327087402, -1.9888521432876587, -0.7161064147949219, -1.8865971565246582, -0.3720220625400543]",GT[UNIMOD:21]IPK,-9.641281127929688,"[-2.4213919639587402, -1.9888521432876587, -0.7161064147949219, -1.8865971565246582, -0.3720220625400543]",GS[UNIMOD:21]IPK,-10.544859886169434,"[-2.389302968978882, -1.6626802682876587, -0.7161064147949219, -1.8865971565246582, -0.3720220625400543]",LEIPK,-11.368520736694336,"[-2.445969581604004, -2.303305149078369, -0.7161064147949219, -1.8865971565246582, -0.3720220625400543]",GGEIPK,-13.214398384094238,"[-3.0055253505706787, -2.242844581604004, -2.303305149078369, -0.7161064147949219, -1.8865971565246582, -0.3720220625400543]","['M[UNIMOD:35]', 'S', 'F', 'P', 'M[UNIMOD:35]']",-0.7860569953918457,,"['A', 'T[UNIMOD:21]', 'I', 'P', 'K']",no_group,"M[UNIMOD:35], S, F, P, M[UNIMOD:35]",55816.15563662772
chunk_058,18803,chunk_058:18803,744.357096479972,1,18678,FSSGFSL,-0.5532227754592896,,"['T', 'D', 'S', 'F', 'F', 'K']",-16.051353454589844,"[-0.17122575640678406, -0.2650305926799774, -1.9054877758026123, -0.9879646301269531, -0.5734071135520935, -0.30506983399391174]",TDSFFK,-16.051353454589844,"[-0.17122575640678406, -0.2650305926799774, -1.9054877758026123, -0.9879646301269531, -0.5734071135520935, -0.30506983399391174]",FS[UNIMOD:21]TFK,-5.439457893371582,"[-0.6976854205131531, -1.2797226905822754, -1.1559333801269531, -0.5734071135520935, -0.30506983399391174]",DS[UNIMOD:21]FFK,-7.001968383789063,"[-0.973983645439148, -0.5148627161979675, -0.9879646301269531, -0.5734071135520935, -0.30506983399391174]",PS[UNIMOD:21]FFK,-8.620040893554688,"[-2.5755462646484375, -0.5148627161979675, -0.9879646301269531, -0.5734071135520935, -0.30506983399391174]",GFDTFK,-12.426655769348145,"[-6.465428829193115, -0.1444976031780243, -1.2523789405822754, -1.1559333801269531, -0.5734071135520935, -0.30506983399391174]","['F', 'S', 'S', 'G', 'F', 'S', 'L']",-0.5532227754592896,,"['T', 'D', 'S', 'F', 'F', 'K']",no_group,"F, S, S, G, F, S, L",1.0485289597250702
chunk_058,34321,chunk_058:34321,422.236132024258,2,33771,YQIHVR,-0.4385270774364471,,"['T[UNIMOD:21]', 'P', 'I', 'Q', 'T', 'R']",-8.665705680847168,"[-1.3484556674957275, -2.0861407392658293e-05, -0.4120733439922333, -0.5282142162322998, -1.3401594161987305, -0.42648446559906006]",T[UNIMOD:21]PIQTR,-8.665705680847168,"[-1.3484556674957275, -2.0861407392658293e-05, -0.4120733439922333, -0.5282142162322998, -1.3401594161987305, -0.42648446559906006]",GS[UNIMOD:21]PTLQR,-11.15263557434082,"[-2.4045753479003906, -0.9331756830215454, -0.00032693761750124395, -0.012545830570161343, -0.9706696271896362, -1.8889875411987305, -0.42648446559906006]",GS[UNIMOD:21]PLQTR,-11.17311668395996,"[-2.840010643005371, -0.6467207074165344, -5.8410845667822286e-05, -1.1073858737945557, -0.5282142162322998, -1.3401594161987305, -0.42648446559906006]",GS[UNIMOD:21]PIQTR,-11.352300643920898,"[-3.1258511543273926, -0.8211119771003723, -2.0861407392658293e-05, -0.4120733439922333, -0.5282142162322998, -1.3401594161987305, -0.42648446559906006]",GS[UNIMOD:21]PQLTR,-11.599817276000977,"[-2.5117640495300293, -0.6876630783081055, -7.83174327807501e-05, -0.06352463364601135, -1.5496985912322998, -1.3401594161987305, -0.42648446559906006]","['Y', 'Q', 'I', 'H', 'V', 'R']",-0.4385270774364471,,"['T[UNIMOD:21]', 'P', 'I', 'Q', 'T', 'R']",no_group,"Y, Q, I, H, V, R",31983.70769340541
chunk_058,42752,chunk_058:42752,606.30864541754,1,41927,STAAASV,-0.4659194946289062,,"['G', 'P', 'V', 'P', 'A', 'S', 'A']",-12.876260757446287,"[-1.9036967754364014, -1.1198899745941162, -1.9944360256195068, -0.02800518460571766, -0.5816972255706787, -1.7562257051467896, -1.8077479600906372]",GPVPASA,-12.876260757446287,"[-1.9036967754364014, -1.1198899745941162, -1.9944360256195068, -0.02800518460571766, -0.5816972255706787, -1.7562257051467896, -1.8077479600906372]",APAPASA,-13.21278953552246,"[-1.2110741138458252, -0.3192042410373688, -1.8479516506195068, -0.02800518460571766, -0.5816972255706787, -1.7562257051467896, -1.8077479600906372]",GGLPASA,-13.549406051635742,"[-1.7311394214630127, -2.3530921936035156, -1.0120141506195068, -0.02800518460571766, -0.5816972255706787, -1.7562257051467896, -1.8077479600906372]",GPAPASA,-13.780893325805664,"[-2.089980363845825, -0.3192042410373688, -1.8479516506195068, -0.02800518460571766, -0.5816972255706787, -1.7562257051467896, -1.8077479600906372]",AALPASA,-14.847661972045898,"[-1.3168281316757202, -2.6216468811035156, -1.0120141506195068, -0.02800518460571766, -0.5816972255706787, -1.7562257051467896, -1.8077479600906372]","['S', 'T', 'A', 'A', 'A', 'S', 'V']",-0.4659194946289062,,"['G', 'P', 'V', 'P', 'A', 'S', 'A']",no_group,"S, T, A, A, A, S, V",1.1752800580499514
chunk_062,11494,chunk_062:11494,834.419923347163,1,11219,TLSQEEK,-0.858234703540802,,"['T', 'L', 'S', 'Q', 'E', 'E', 'K']",-16.4044132232666,"[-6.379530429840088, -0.05417802929878235, -0.03192765265703201, -0.4363233745098114, -1.5374311208724976, -1.0816847085952759, -0.019335713237524033]",TLSQEEK,-16.4044132232666,"[-6.379530429840088, -0.05417802929878235, -0.03192765265703201, -0.4363233745098114, -1.5374311208724976, -1.0816847085952759, -0.019335713237524033]",PLSQEEK,-13.564197540283203,"[-5.755506992340088, -0.05417802929878235, -0.03192765265703201, -0.4363233745098114, -1.5374311208724976, -1.0816847085952759, -0.019335713237524033]",SLSQEEK,-16.22576141357422,"[-6.422499179840088, -0.05417802929878235, -0.03192765265703201, -0.4363233745098114, -1.5374311208724976, -1.0816847085952759, -0.019335713237524033]",VLSQEEK,-16.282777786254883,"[-7.012831211090088, -0.05417802929878235, -0.03192765265703201, -0.4363233745098114, -1.5374311208724976, -1.0816847085952759, -0.019335713237524033]",YLVSTVK,-16.888450622558594,"[-2.3364747903542593e-05, -1.7165990357170813e-05, -0.0026478252839297056, -0.044301193207502365, -1.2306746244430542, -1.5562940835952759, -0.019335713237524033]","['T', 'L', 'S', 'Q', 'E', 'E', 'K']",-0.858234703540802,,"['T', 'L', 'S', 'Q', 'E', 'E', 'K']",no_group,"T, L, S, Q, E, E, K",0.5292932547128726
chunk_063,11308,chunk_063:11308,857.446858202893,1,11258,FLGS[UNIMOD:21]LLK,-1.03175687789917,,"['V', 'L', 'G', 'S[UNIMOD:21]', 'L', 'L', 'K']",-8.08809757232666,"[-0.19335658848285675, -0.18926778435707092, -1.8373035192489624, -2.2094221115112305, -1.9828591346740723, -1.4149843454360962, -0.0776662603020668]",VLGS[UNIMOD:21]LLK,-8.08809757232666,"[-0.19335658848285675, -0.18926778435707092, -1.8373035192489624, -2.2094221115112305, -1.9828591346740723, -1.4149843454360962, -0.0776662603020668]",VLGS[UNIMOD:21]LKK,-8.545734405517578,"[-0.4962890148162842, -0.8251116275787354, -1.7783476114273071, -1.3149604797363281, -1.951554775238037, -2.0292420387268066, -0.0776662603020668]",GGS[UNIMOD:21]S[UNIMOD:21]LKK,-10.563203811645508,"[-3.349647045135498, -0.2996622920036316, -1.3779569864273071, -1.3149604797363281, -1.951554775238037, -2.0292420387268066, -0.0776662603020668]",VLAS[UNIMOD:21]LKK,-10.875528335571287,"[-2.1638193130493164, -0.7987572550773621, -2.3535428047180176, -1.3149604797363281, -1.951554775238037, -2.0292420387268066, -0.0776662603020668]",AGLGS[UNIMOD:21]LKK,-13.93029499053955,"[-3.1130483150482178, -2.720898389816284, -0.8251116275787354, -1.7783476114273071, -1.3149604797363281, -1.951554775238037, -2.0292420387268066, -0.0776662603020668]","['F', 'L', 'G', 'S[UNIMOD:21]', 'L', 'L', 'K']",-1.03175687789917,,"['V', 'L', 'G', 'S[UNIMOD:21]', 'L', 'L', 'K']",no_group,"F, L, G, S[UNIMOD:21], L, L, K",7.089415569970403
chunk_063,18314,chunk_063:18314,602.316335933639,1,18214,AAPASVS,-0.3895868062973022,,"['I', 'D', 'P', 'E', 'K']",-12.88967990875244,"[-1.9047813415527344, -1.3060598373413086, -1.662285327911377, -1.8150434494018555, -0.5421079993247986]",IDPEK,-12.88967990875244,"[-1.9047813415527344, -1.3060598373413086, -1.662285327911377, -1.8150434494018555, -0.5421079993247986]",IS[UNIMOD:21]PR,-8.568489074707031,"[-1.6770586967468262, -1.7079262733459473, -1.6847120523452759, -0.9132017493247986]",IGS[UNIMOD:21]PK,-10.368063926696776,"[-0.5457817912101746, -1.5837535858154297, -1.859018325805664, -1.9283246994018555, -0.5421079993247986]",GS[UNIMOD:21]PEK,-11.428984642028809,"[-1.410075068473816, -1.5169973373413086, -1.662285327911377, -1.8150434494018555, -0.5421079993247986]",SDLEK,-12.711145401000977,"[-2.1818459033966064, -1.7245538234710693, -1.965996265411377, -1.8150434494018555, -0.5421079993247986]","['A', 'A', 'P', 'A', 'S', 'V', 'S']",-0.3895868062973022,,"['I', 'D', 'P', 'E', 'K']",no_group,"A, A, P, A, S, V, S",3.127814284097244
chunk_064,19054,chunk_064:19054,664.271413762411,1,18804,MAEADK,-0.7712891101837158,,"['E', 'E', 'E', 'E', 'K']",-13.405335426330566,"[-1.9290928840637207, -1.496201992034912, -1.6080671548843384, -1.5888409614562988, -0.5767172574996948]",EEEEK,-13.405335426330566,"[-1.9290928840637207, -1.496201992034912, -1.6080671548843384, -1.5888409614562988, -0.5767172574996948]",GIIS[UNIMOD:21]R,-8.781261444091797,"[-2.097226858139038, -1.687621831893921, -1.0414777994155884, -1.9231168031692505, -0.8384360074996948]",IEEEK,-11.34632682800293,"[-1.4622960090637207, -1.496201992034912, -1.6080671548843384, -1.5888409614562988, -0.5767172574996948]",S[UNIMOD:21]DPEK,-12.515141487121582,"[-2.137951374053955, -1.0504364967346191, -2.241856098175049, -1.5888409614562988, -0.5767172574996948]",GIDPEK,-14.575054168701172,"[-3.1134376525878906, -1.072521686553955, -1.0504364967346191, -2.241856098175049, -1.5888409614562988, -0.5767172574996948]","['M', 'A', 'E', 'A', 'D', 'K']",-0.7712891101837158,,"['E', 'E', 'E', 'E', 'K']",no_group,"M, A, E, A, D, K",38.65022196810955
chunk_064,25910,chunk_064:25910,836.355140380064,1,25635,HM[UNIMOD:35]S[UNIMOD:21]PLR,-0.781259298324585,,"['L', 'S[UNIMOD:21]', 'S[UNIMOD:21]', 'P', 'L', 'K']",-7.51228141784668,"[-0.6248065829277039, -2.393387794494629, -0.4192211329936981, -1.1409858465194702, -0.5353893637657166, -0.38254594802856445]",LS[UNIMOD:21]S[UNIMOD:21]PLK,-7.51228141784668,"[-0.6248065829277039, -2.393387794494629, -0.4192211329936981, -1.1409858465194702, -0.5353893637657166, -0.38254594802856445]",VPLS[UNIMOD:21]PLK,-7.631449699401855,"[-1.6348322629928589, -1.7747828960418701, -1.705887794494629, -0.4192211329936981, -1.1409858465194702, -0.5353893637657166, -0.38254594802856445]",ALLS[UNIMOD:21]PLK,-8.189203262329102,"[-2.047247886657715, -1.7523219585418701, -1.705887794494629, -0.4192211329936981, -1.1409858465194702, -0.5353893637657166, -0.38254594802856445]",VLGS[UNIMOD:21]PLK,-8.378893852233887,"[-2.288278579711914, -0.9431705474853516, -2.415848731994629, -0.4192211329936981, -1.1409858465194702, -0.5353893637657166, -0.38254594802856445]",VLPS[UNIMOD:21]PLK,-8.631601333618164,"[-2.7101962566375732, -0.40471357107162476, -2.490067481994629, -0.4192211329936981, -1.1409858465194702, -0.5353893637657166, -0.38254594802856445]","['H', 'M[UNIMOD:35]', 'S[UNIMOD:21]', 'P', 'L', 'R']",-0.781259298324585,,"['L', 'S[UNIMOD:21]', 'S[UNIMOD:21]', 'P', 'L', 'K']",no_group,"H, M[UNIMOD:35], S[UNIMOD:21], P, L, R",8.352169702427785
chunk_065,22888,chunk_065:22888,710.380127050642,1,22713,FPGHPK,-0.8687768578529358,,"['K', 'I', 'G', 'S[UNIMOD:21]', 'P', 'K']",-6.101933479309082,"[-0.7025938630104065, -1.3404927253723145, -0.5134445428848267, -1.8063147068023682, -1.4510760307312012, -0.03347942978143692]",KIGS[UNIMOD:21]PK,-6.101933479309082,"[-0.7025938630104065, -1.3404927253723145, -0.5134445428848267, -1.8063147068023682, -1.4510760307312012, -0.03347942978143692]",KLGS[UNIMOD:21]PK,-6.910267353057861,"[-1.5103968381881714, -1.4205708503723145, -0.5134445428848267, -1.8063147068023682, -1.4510760307312012, -0.03347942978143692]",LIGS[UNIMOD:21]PK,-8.277555465698242,"[-2.3051328659057617, -1.3404927253723145, -0.5134445428848267, -1.8063147068023682, -1.4510760307312012, -0.03347942978143692]",PLGS[UNIMOD:21]PK,-9.69744110107422,"[-2.080709457397461, -1.4205708503723145, -0.5134445428848267, -1.8063147068023682, -1.4510760307312012, -0.03347942978143692]",PIGS[UNIMOD:21]PK,-10.317075729370115,"[-2.3920469284057617, -1.3404927253723145, -0.5134445428848267, -1.8063147068023682, -1.4510760307312012, -0.03347942978143692]","['F', 'P', 'G', 'H', 'P', 'K']",-0.8687768578529358,,"['K', 'I', 'G', 'S[UNIMOD:21]', 'P', 'K']",no_group,"F, P, G, H, P, K",38021.36211605564
chunk_067,23520,chunk_067:23520,756.379069958676,1,23495,GPWGSPR,-0.824863076210022,,"['G', 'P', 'P', 'G', 'S[UNIMOD:21]', 'P', 'R']",-6.643494606018066,"[-0.3735350966453552, -1.162598729133606, -0.7693639993667603, -0.41878247261047363, -1.5298975706100464, -1.2807202339172363, -0.5730414986610413]",GPPGS[UNIMOD:21]PR,-6.643494606018066,"[-0.3735350966453552, -1.162598729133606, -0.7693639993667603, -0.41878247261047363, -1.5298975706100464, -1.2807202339172363, -0.5730414986610413]",LPGS[UNIMOD:21]PR,-9.396885871887209,"[-0.887208104133606, -0.7693639993667603, -0.41878247261047363, -1.5298975706100464, -1.2807202339172363, -0.5730414986610413]",GAPGS[UNIMOD:21]PR,-9.766273498535156,"[-0.16050508618354797, -2.0258798599243164, -0.7693639993667603, -0.41878247261047363, -1.5298975706100464, -1.2807202339172363, -0.5730414986610413]",AEGDPEK,-10.69202995300293,"[-1.6732041835784912, -1.2679363489151, -0.36095327138900757, -1.1487709283828735, -0.9968587160110474, -1.657142996788025, -0.8308539986610413]",SSGDPEK,-13.543625831604004,"[-1.5549390316009521, -1.9896160364151, -0.36095327138900757, -1.1487709283828735, -0.9968587160110474, -1.657142996788025, -0.8308539986610413]","['G', 'P', 'W', 'G', 'S', 'P', 'R']",-0.824863076210022,,"['G', 'P', 'P', 'G', 'S[UNIMOD:21]', 'P', 'R']",no_group,"G, P, W, G, S, P, R",0.3780626505975461
chunk_068,5188,chunk_068:5188,942.397288375643,1,5188,TLS[UNIMOD:21]QEEK,-0.4740603566169739,,"['K', 'L', 'S[UNIMOD:21]', 'Q', 'E', 'E', 'K']",-7.001218318939209,"[-1.7487114667892456, -0.9945598840713501, -0.02047591470181942, -1.0531866550445557, -1.025261402130127, -1.6234880685806274, -0.43020060658454895]",KLS[UNIMOD:21]QEEK,-7.001218318939209,"[-1.7487114667892456, -0.9945598840713501, -0.02047591470181942, -1.0531866550445557, -1.025261402130127, -1.6234880685806274, -0.43020060658454895]",GLGS[UNIMOD:21]S[UNIMOD:21]LGR,-7.717982292175293,"[-1.3047358989715576, -0.4462471306324005, -0.35126957297325134, -1.503244400024414, -1.0369277000427246, -0.9304604530334473, -0.6517515778541565, -1.0552005767822266]",SLGS[UNIMOD:21]S[UNIMOD:21]LGR,-8.03530502319336,"[-2.0039546489715576, -0.4462471306324005, -0.35126957297325134, -1.503244400024414, -1.0369277000427246, -0.9304604530334473, -0.6517515778541565, -1.0552005767822266]",S[UNIMOD:21]LGS[UNIMOD:21]GLGR,-8.037311553955078,"[-1.0613682270050049, -1.3008702993392944, -0.8977763652801514, -0.44693005084991455, -1.6677870750427246, -0.9304604530334473, -0.6517515778541565, -1.0552005767822266]",GAGLGS[UNIMOD:21]GLGR,-13.269978523254396,"[-2.9680864810943604, -2.1840386390686035, -1.0808994770050049, -1.3008702993392944, -0.8977763652801514, -0.44693005084991455, -1.6677870750427246, -0.9304604530334473, -0.6517515778541565, -1.0552005767822266]","['T', 'L', 'S[UNIMOD:21]', 'Q', 'E', 'E', 'K']",-0.4740603566169739,,"['K', 'L', 'S[UNIMOD:21]', 'Q', 'E', 'E', 'K']",no_group,"T, L, S[UNIMOD:21], Q, E, E, K",28658.37339387344
chunk_068,33289,chunk_068:33289,776.791244930063,2,32914,EEDEEDEEEEEK,-0.6876651048660278,,"['D', 'S', 'D', 'E', 'E', 'D', 'E', 'L', 'P', 'E', 'Y[UNIMOD:21]', 'K']",-13.561670303344728,"[-0.21433131396770477, -2.0077528953552246, -0.912990152835846, -2.117788553237915, -0.45973050594329834, -0.14317108690738678, -0.5121676921844482, -1.0294861793518066, -0.6067175269126892, -2.012503147125244, -1.303750991821289, -0.2598553001880646]",DSDEEDELPEY[UNIMOD:21]K,-13.561670303344728,"[-0.21433131396770477, -2.0077528953552246, -0.912990152835846, -2.117788553237915, -0.45973050594329834, -0.14317108690738678, -0.5121676921844482, -1.0294861793518066, -0.6067175269126892, -2.012503147125244, -1.303750991821289, -0.2598553001880646]",EDISEDELPEY[UNIMOD:21]K,-13.626185417175291,"[-0.26149269938468933, -1.1777979135513306, -0.11295587569475174, -2.211538553237915, -0.45973050594329834, -0.14317108690738678, -0.5121676921844482, -1.0294861793518066, -0.6067175269126892, -2.012503147125244, -1.303750991821289, -0.2598553001880646]",GDEPEDELPEY[UNIMOD:21]K,-14.797585487365724,"[-1.6349092721939087, -1.3244967460632324, -0.6605116128921509, -1.561147928237915, -0.45973050594329834, -0.14317108690738678, -0.5121676921844482, -1.0294861793518066, -0.6067175269126892, -2.012503147125244, -1.303750991821289, -0.2598553001880646]",ADEPEDELPEY[UNIMOD:21]K,-16.354238510131836,"[-2.770651340484619, -1.3244967460632324, -0.6605116128921509, -1.561147928237915, -0.45973050594329834, -0.14317108690738678, -0.5121676921844482, -1.0294861793518066, -0.6067175269126892, -2.012503147125244, -1.303750991821289, -0.2598553001880646]",PSDEEDELPEY[UNIMOD:21]K,-17.244234085083008,"[-2.1205813884735107, -2.0077528953552246, -0.912990152835846, -2.117788553237915, -0.45973050594329834, -0.14317108690738678, -0.5121676921844482, -1.0294861793518066, -0.6067175269126892, -2.012503147125244, -1.303750991821289, -0.2598553001880646]","['E', 'E', 'D', 'E', 'E', 'D', 'E', 'E', 'E', 'E', 'E', 'K']",-0.6876651048660278,,"['D', 'S', 'D', 'E', 'E', 'D', 'E', 'L', 'P', 'E', 'Y[UNIMOD:21]', 'K']",no_group,"E, E, D, E, E, D, E, E, E, E, E, K",8381.789795595745
chunk_068,45973,chunk_068:45973,687.415030740562,1,45148,SVVVAGR,-0.3310941457748413,,"['S', 'I', 'V', 'G', 'E', 'K']",-5.562987327575684,"[-0.3843857944011688, -0.000346362212439999, -0.5988779067993164, -1.9833241701126099, -1.308976411819458, -0.2216210961341858]",SIVGEK,-5.562987327575684,"[-0.3843857944011688, -0.000346362212439999, -0.5988779067993164, -1.9833241701126099, -1.308976411819458, -0.2216210961341858]",LDS[UNIMOD:21]EK,-6.980907440185547,"[-1.3738000392913818, -0.8219136595726013, -1.3983632326126099, -1.308976411819458, -0.2216210961341858]",S[UNIMOD:21]LEEK,-7.691779613494873,"[-0.3874637484550476, -1.2100224494934082, -2.2987537384033203, -1.308976411819458, -0.2216210961341858]",EDS[UNIMOD:21]EK,-9.479329109191896,"[-2.782979726791382, -0.8219136595726013, -1.3983632326126099, -1.308976411819458, -0.2216210961341858]",SDS[UNIMOD:21]EK,-10.00245475769043,"[-2.405050039291382, -0.8219136595726013, -1.3983632326126099, -1.308976411819458, -0.2216210961341858]","['S', 'V', 'V', 'V', 'A', 'G', 'R']",-0.3310941457748413,,"['S', 'I', 'V', 'G', 'E', 'K']",no_group,"S, V, V, V, A, G, R",0.2847487371990975
chunk_070,24755,chunk_070:24755,815.349162602283,1,24280,GGGGYGGR,-0.9036322832107544,,"['G', 'G', 'S[UNIMOD:21]', 'G', 'S[UNIMOD:21]', 'G', 'G', 'R']",-10.716127395629885,"[-0.752982497215271, -0.8407965302467346, -1.675700068473816, -0.8659291863441467, -0.9203974008560181, -1.377662181854248, -1.6136953830718994, -0.6571875810623169]",GGS[UNIMOD:21]GS[UNIMOD:21]GGR,-10.716127395629885,"[-0.752982497215271, -0.8407965302467346, -1.675700068473816, -0.8659291863441467, -0.9203974008560181, -1.377662181854248, -1.6136953830718994, -0.6571875810623169]",S[UNIMOD:21]GGGS[UNIMOD:21]GGR,-10.89089012145996,"[-0.8564539551734924, -1.3829034566879272, -1.267496943473816, -0.8659291863441467, -0.9203974008560181, -1.377662181854248, -1.6136953830718994, -0.6571875810623169]",SGGGGS[UNIMOD:21]GGR,-14.48668098449707,"[-2.419212818145752, -1.6064538955688477, -1.3829034566879272, -1.267496943473816, -0.8659291863441467, -0.9203974008560181, -1.377662181854248, -1.6136953830718994, -0.6571875810623169]",GGGGGGS[UNIMOD:21]GGR,-15.809104919433594,"[-1.8835134506225586, -1.5266348123550415, -1.6064538955688477, -1.3829034566879272, -1.267496943473816, -0.8659291863441467, -0.9203974008560181, -1.377662181854248, -1.6136953830718994, -0.6571875810623169]",GSGGGS[UNIMOD:21]GGR,-17.11864471435547,"[-0.9620177745819092, -1.7705163955688477, -1.3829034566879272, -1.267496943473816, -0.8659291863441467, -0.9203974008560181, -1.377662181854248, -1.6136953830718994, -0.6571875810623169]","['G', 'G', 'G', 'G', 'Y', 'G', 'G', 'R']",-0.9036322832107544,,"['G', 'G', 'S[UNIMOD:21]', 'G', 'S[UNIMOD:21]', 'G', 'G', 'R']",no_group,"G, G, G, G, Y, G, G, R",164389.34232114177
chunk_071,32748,chunk_071:32748,949.449710489438,1,32473,LEMENWK,-0.855742871761322,,"['S[UNIMOD:21]', 'V', 'T', 'E', 'E', 'E', 'K']",-4.647909164428711,"[-0.39206376671791077, -0.3586067259311676, -0.46606379747390747, -0.5504622459411621, -1.6281307935714722, -0.5352975130081177, -0.7024730443954468]",S[UNIMOD:21]VTEEEK,-4.647909164428711,"[-0.39206376671791077, -0.3586067259311676, -0.46606379747390747, -0.5504622459411621, -1.6281307935714722, -0.5352975130081177, -0.7024730443954468]",S[UNIMOD:21]DPFDEK,-7.262618541717529,"[-0.21508648991584778, -0.8281649351119995, -0.006226426921784878, -0.22964748740196228, -1.8722714185714722, -0.5352975130081177, -0.7024730443954468]",S[UNIMOD:21]DPDFEK,-7.918667793273926,"[-0.22188447415828705, -1.6546943187713623, -0.0018528213258832693, -0.14121925830841064, -1.1769589185714722, -0.5352975130081177, -0.7024730443954468]",PAEPDFEK,-10.25955581665039,"[-0.002659714547917247, -0.18468718230724335, -1.5101630687713623, -0.0018528213258832693, -0.14121925830841064, -1.1769589185714722, -0.5352975130081177, -0.7024730443954468]",PSVTEEEK,-12.541601181030272,"[-0.03920657932758331, -1.3061262369155884, -0.3586067259311676, -0.46606379747390747, -0.5504622459411621, -1.6281307935714722, -0.5352975130081177, -0.7024730443954468]","['L', 'E', 'M', 'E', 'N', 'W', 'K']",-0.855742871761322,,"['S[UNIMOD:21]', 'V', 'T', 'E', 'E', 'E', 'K']",no_group,"L, E, M, E, N, W, K",5.157186719634436
chunk_073,5459,chunk_073:5459,727.341087814992,1,5309,SLGPPC[UNIMOD:4]P,-0.5393179655075073,,"['S', 'A', 'S[UNIMOD:21]', 'P', 'P', 'R']",-4.973113536834717,"[-0.7128140926361084, -1.3410112857818604, -0.24467110633850098, -0.8822813034057617, -1.0597039461135864, -0.7006013989448547]",SAS[UNIMOD:21]PPR,-4.973113536834717,"[-0.7128140926361084, -1.3410112857818604, -0.24467110633850098, -0.8822813034057617, -1.0597039461135864, -0.7006013989448547]",PGS[UNIMOD:21]PPR,-7.492063045501709,"[-1.039161205291748, -1.1749956607818604, -0.24467110633850098, -0.8822813034057617, -1.0597039461135864, -0.7006013989448547]",GPPGS[UNIMOD:21]PK,-9.63986587524414,"[-5.113289833068848, -0.2726210355758667, -0.6640375256538391, -0.8216778039932251, -0.623619556427002, -1.2397671937942505, -0.7279451489448547]",GGAS[UNIMOD:21]PPR,-9.808422088623049,"[-4.365325927734375, -1.1815640926361084, -1.3410112857818604, -0.24467110633850098, -0.8822813034057617, -1.0597039461135864, -0.7006013989448547]",PPGS[UNIMOD:21]PR,-12.32109260559082,"[-0.2670433223247528, -0.42901748418807983, -1.488217830657959, -0.9330625534057617, -1.0597039461135864, -0.7006013989448547]","['S', 'L', 'G', 'P', 'P', 'C[UNIMOD:4]', 'P']",-0.5393179655075073,,"['S', 'A', 'S[UNIMOD:21]', 'P', 'P', 'R']",no_group,"S, L, G, P, P, C[UNIMOD:4], P",4.516704835034606
chunk_073,33914,chunk_073:33914,385.938823648713,2,33139,LMLAQR,-0.5123201608657837,,"['S[UNIMOD:21]', 'P', 'P', 'A', 'Q', 'R']",-13.19189453125,"[-0.34580501914024353, -0.0001746263587847352, -0.0014187756460160017, -0.4586133360862732, -0.9909482002258301, -0.33141785860061646]",S[UNIMOD:21]PPAQR,-13.19189453125,"[-0.34580501914024353, -0.0001746263587847352, -0.0014187756460160017, -0.4586133360862732, -0.9909482002258301, -0.33141785860061646]",S[UNIMOD:21]PPQAR,-13.255789756774902,"[-0.49127060174942017, -0.00039081089198589325, -0.006333280820399523, -1.068530797958374, -1.19016695022583, -0.33141785860061646]",S[UNIMOD:21]PQPAR,-14.119302749633787,"[-0.6752461791038513, -0.0007448997348546982, -0.5753072500228882, -1.349780797958374, -1.19016695022583, -0.33141785860061646]",S[UNIMOD:21]PAPQR,-14.166359901428224,"[-0.699002742767334, -0.00016890530241653323, -0.037689730525016785, -1.407832145690918, -0.9909482002258301, -0.33141785860061646]",T[UNIMOD:21]PPAQR,-14.540392875671388,"[-2.3594768047332764, -0.0001746263587847352, -0.0014187756460160017, -0.4586133360862732, -0.9909482002258301, -0.33141785860061646]","['L', 'M', 'L', 'A', 'Q', 'R']",-0.5123201608657837,,"['S[UNIMOD:21]', 'P', 'P', 'A', 'Q', 'R']",no_group,"L, M, L, A, Q, R",49805.47037737013
chunk_073,45092,chunk_073:45092,786.313815488319,1,44067,LS[UNIMOD:21]DNEK,-2.3749961853027344,,"['L', 'S[UNIMOD:21]', 'D', 'L', 'E', 'K']",-11.618002891540527,"[-1.8305294513702393, -1.4159832000732422, -0.8964365720748901, -1.606431007385254, -1.8189687728881836, -0.24219967424869537]",LS[UNIMOD:21]DLEK,-11.618002891540527,"[-1.8305294513702393, -1.4159832000732422, -0.8964365720748901, -1.606431007385254, -1.8189687728881836, -0.24219967424869537]",S[UNIMOD:21]LDLEK,-11.81028652191162,"[-1.3442614078521729, -1.7734050750732422, -0.8964365720748901, -1.606431007385254, -1.8189687728881836, -0.24219967424869537]",FSDLEK,-11.989054679870604,"[-1.43450927734375, -1.8183269500732422, -0.8964365720748901, -1.606431007385254, -1.8189687728881836, -0.24219967424869537]",GGIDSYK,-22.343414306640625,"[-11.639263153076172, -2.3397185802459717, -0.02439551055431366, -1.2736549377441406, -1.1575677394866943, -2.5777578353881836, -0.24219967424869537]",SGIDSYK,-25.762481689453125,"[-8.771099090576172, -2.3397185802459717, -0.02439551055431366, -1.2736549377441406, -1.1575677394866943, -2.5777578353881836, -0.24219967424869537]","['L', 'S[UNIMOD:21]', 'D', 'N', 'E', 'K']",-2.3749961853027344,,"['L', 'S[UNIMOD:21]', 'D', 'L', 'E', 'K']",no_group,"L, S[UNIMOD:21], D, N, E, K",3.90618638328741
chunk_074,28930,chunk_074:28930,343.711085647581,2,28205,ISGVSPK,-0.4388146102428436,,"['S', 'S', 'S', 'S', 'S', 'S', 'K']",-16.25716209411621,"[-1.0215171575546265, -1.1262993812561035, -1.1588830947875977, -1.3359544277191162, -1.986749291419983, -1.9540437459945679, -0.38053518533706665]",SSSSSSK,-16.25716209411621,"[-1.0215171575546265, -1.1262993812561035, -1.1588830947875977, -1.3359544277191162, -1.986749291419983, -1.9540437459945679, -0.38053518533706665]",TSSSSSK,-16.44517707824707,"[-2.606478214263916, -1.1262993812561035, -1.1588830947875977, -1.3359544277191162, -1.986749291419983, -1.9540437459945679, -0.38053518533706665]",GSSSSSK,-16.89282989501953,"[-2.529329776763916, -1.1262993812561035, -1.1588830947875977, -1.3359544277191162, -1.986749291419983, -1.9540437459945679, -0.38053518533706665]",ASSSSSK,-17.007707595825195,"[-2.479525089263916, -1.1262993812561035, -1.1588830947875977, -1.3359544277191162, -1.986749291419983, -1.9540437459945679, -0.38053518533706665]",VSSSSSK,-17.550765991210938,"[-2.519564151763916, -1.1262993812561035, -1.1588830947875977, -1.3359544277191162, -1.986749291419983, -1.9540437459945679, -0.38053518533706665]","['I', 'S', 'G', 'V', 'S', 'P', 'K']",-0.4388146102428436,,"['S', 'S', 'S', 'S', 'S', 'S', 'K']",no_group,"I, S, G, V, S, P, K",1438.2802099255923
chunk_076,30415,chunk_076:30415,340.107153291486,2,30090,MGS[UNIMOD:21]PTR,-0.8918789625167847,,"['S[UNIMOD:21]', 'D', 'L', 'E', 'K']",-13.78886890411377,"[-0.8921610116958618, -1.4169998168945312, -2.062587022781372, -1.9787696599960327, -0.44936221837997437]",S[UNIMOD:21]DLEK,-13.78886890411377,"[-0.8921610116958618, -1.4169998168945312, -2.062587022781372, -1.9787696599960327, -0.44936221837997437]",EEEEK,-14.153599739074709,"[-1.24210524559021, -1.748192310333252, -1.941493272781372, -1.9787696599960327, -0.44936221837997437]",EEEDK,-14.36064338684082,"[-1.5827620029449463, -1.8869554996490479, -1.806562900543213, -2.1418557167053223, -0.44936221837997437]",ELEEK,-14.818808555603027,"[-1.5834769010543823, -2.129051685333252, -1.941493272781372, -1.9787696599960327, -0.44936221837997437]",GLDLEK,-17.233295440673828,"[-3.2679178714752197, -2.0093483924865723, -1.4169998168945312, -2.062587022781372, -1.9787696599960327, -0.44936221837997437]","['M', 'G', 'S[UNIMOD:21]', 'P', 'T', 'R']",-0.8918789625167847,,"['S[UNIMOD:21]', 'D', 'L', 'E', 'K']",no_group,"M, G, S[UNIMOD:21], P, T, R",72142.51000326787
chunk_077,30304,chunk_077:30304,405.669861908827,2,29654,AKPPPPK,-0.5850878953933716,,"['[UNIMOD:385]', 'S[UNIMOD:21]', 'P', 'P', 'P', 'P', 'P', 'R']",-23.23383140563965,"[-14.723474502563477, -2.372577428817749, -1.3232651948928833, -0.3772239685058594, -0.5232406854629517, -1.5607044696807861, -1.8552500009536743, -0.4978979229927063]",[UNIMOD:385]S[UNIMOD:21]PPPPPR,-23.23383140563965,"[-14.723474502563477, -2.372577428817749, -1.3232651948928833, -0.3772239685058594, -0.5232406854629517, -1.5607044696807861, -1.8552500009536743, -0.4978979229927063]",[UNIMOD:385]PS[UNIMOD:21]PPPPR,-25.770965576171875,"[-18.318323135375977, -1.0649092197418213, -1.5732651948928833, -0.3772239685058594, -0.5232406854629517, -1.5607044696807861, -1.8552500009536743, -0.4978979229927063]",LPPPPPR,-12.987156867980955,"[-2.379413366317749, -1.3232651948928833, -0.3772239685058594, -0.5232406854629517, -1.5607044696807861, -1.8552500009536743, -0.4978979229927063]",PPPPPPR,-13.60226058959961,"[-0.6772648692131042, -1.3232651948928833, -0.3772239685058594, -0.5232406854629517, -1.5607044696807861, -1.8552500009536743, -0.4978979229927063]",EPPAPPR,-15.608835220336914,"[-1.4888789653778076, -0.28824251890182495, -0.36824333667755127, -2.583787441253662, -1.5607044696807861, -1.8552500009536743, -0.4978979229927063]","['A', 'K', 'P', 'P', 'P', 'P', 'K']",-0.5850878953933716,,"['[UNIMOD:385]', 'S[UNIMOD:21]', 'P', 'P', 'P', 'P', 'P', 'R']",no_group,"A, K, P, P, P, P, K",92283.32302694157
chunk_078,13309,chunk_078:13309,465.226974407828,2,12859,S[UNIMOD:21]PPAKPPR,-0.9281793832778932,,"['[UNIMOD:385]', 'P', 'P', 'D', 'I', 'S[UNIMOD:21]', 'P', 'L', 'K']",-31.24677276611328,"[-22.14693260192871, -2.9628896713256836, -0.07628720998764038, -1.2516404390335083, -0.592409610748291, -0.6786306500434875, -1.0413721799850464, -2.207366943359375, -0.2888196110725403]",[UNIMOD:385]PPDIS[UNIMOD:21]PLK,-31.24677276611328,"[-22.14693260192871, -2.9628896713256836, -0.07628720998764038, -1.2516404390335083, -0.592409610748291, -0.6786306500434875, -1.0413721799850464, -2.207366943359375, -0.2888196110725403]",APDIS[UNIMOD:21]PLK,-14.747085571289062,"[-1.1943349838256836, -0.07628720998764038, -1.2516404390335083, -0.592409610748291, -0.6786306500434875, -1.0413721799850464, -2.207366943359375, -0.2888196110725403]",APLLPS[UNIMOD:21]PK,-16.25286102294922,"[-1.9037113189697266, -0.8644310832023621, -1.1074706315994263, -0.6047238707542419, -1.3788788318634033, -1.5367411375045776, -1.285491943359375, -0.2888196110725403]",SPPIS[UNIMOD:21]PLK,-16.990550994873047,"[-1.5542728900909424, -0.12068445980548859, -1.8336716890335083, -0.592409610748291, -0.6786306500434875, -1.0413721799850464, -2.207366943359375, -0.2888196110725403]",SPLLPS[UNIMOD:21]PK,-17.054046630859375,"[-2.0609378814697266, -0.8644310832023621, -1.1074706315994263, -0.6047238707542419, -1.3788788318634033, -1.5367411375045776, -1.285491943359375, -0.2888196110725403]","['S[UNIMOD:21]', 'P', 'P', 'A', 'K', 'P', 'P', 'R']",-0.9281793832778932,,"['[UNIMOD:385]', 'P', 'P', 'D', 'I', 'S[UNIMOD:21]', 'P', 'L', 'K']",no_group,"S[UNIMOD:21], P, P, A, K, P, P, R",14.482376436927964
chunk_080,30936,chunk_080:30936,899.227772627163,2,30486,EEEDEEDEEEEEKK,-1.0874321460723877,,"['E', 'E', 'E', 'D', 'D', 'E', 'E', 'E', 'E', 'E', 'E', 'E', 'E', 'K']",-19.5752067565918,"[-0.004007761366665363, -1.9548064470291138, -0.0004300146538298577, -0.08633443713188171, -1.4858448505401611, -0.9877078533172607, -0.7848900556564331, -0.2601218521595001, -0.697072446346283, -1.0307632684707642, -1.6802818775177002, -1.4530575275421143, -2.230522394180298, -0.41746222972869873]",EEEDDEEEEEEEEK,-19.5752067565918,"[-0.004007761366665363, -1.9548064470291138, -0.0004300146538298577, -0.08633443713188171, -1.4858448505401611, -0.9877078533172607, -0.7848900556564331, -0.2601218521595001, -0.697072446346283, -1.0307632684707642, -1.6802818775177002, -1.4530575275421143, -2.230522394180298, -0.41746222972869873]",EEDDEEEEEEEEEK,-19.768535614013672,"[-0.7610543966293335, -0.0007817073492333293, -0.1655968278646469, -1.4661147594451904, -1.0835011005401611, -0.9877078533172607, -0.7848900556564331, -0.2601218521595001, -0.697072446346283, -1.0307632684707642, -1.6802818775177002, -1.4530575275421143, -2.230522394180298, -0.41746222972869873]",EEDEDDEEEEEEEK,-19.94555854797364,"[-0.00033718624035827816, -0.005059415474534035, -0.03788670524954796, -0.0002131234941771254, -0.27211880683898926, -1.8529422283172607, -0.7848900556564331, -0.2601218521595001, -0.697072446346283, -1.0307632684707642, -1.6802818775177002, -1.4530575275421143, -2.230522394180298, -0.41746222972869873]",DEDDEEEEEEEEEK,-21.630859375,"[-0.8079293966293335, -0.0007817073492333293, -0.1655968278646469, -1.4661147594451904, -1.0835011005401611, -0.9877078533172607, -0.7848900556564331, -0.2601218521595001, -0.697072446346283, -1.0307632684707642, -1.6802818775177002, -1.4530575275421143, -2.230522394180298, -0.41746222972869873]",EDEDDEEEEEEEEK,-22.753427505493164,"[-0.0028275768272578716, -0.20480647683143616, -0.0004300146538298577, -0.08633443713188171, -1.4858448505401611, -0.9877078533172607, -0.7848900556564331, -0.2601218521595001, -0.697072446346283, -1.0307632684707642, -1.6802818775177002, -1.4530575275421143, -2.230522394180298, -0.41746222972869873]","['E', 'E', 'E', 'D', 'E', 'E', 'D', 'E', 'E', 'E', 'E', 'E', 'K', 'K']",-1.0874321460723877,,"['E', 'E', 'E', 'D', 'D', 'E', 'E', 'E', 'E', 'E', 'E', 'E', 'E', 'K']",no_group,"E, E, E, D, E, E, D, E, E, E, E, E, K, K",421.08422213941714
chunk_081,1422,chunk_081:1422,1155.374704346398,1,1372,AAGAAPAGR,-0.9003986716270447,,"['A', 'A', 'G', 'A', 'A', 'P', 'P', 'G', 'S[UNIMOD:21]', 'A', 'P', 'R']",-22.57626724243164,"[-2.6216466426849365, -4.868668079376221, -5.218277931213379, -1.41606605052948, -1.6261401176452637, -1.7029893398284912, -0.6482152342796326, -0.3500133156776428, -0.9188248515129089, -2.00534725189209, -1.059227705001831, -0.04541865363717079]",AAGAAPPGS[UNIMOD:21]APR,-22.57626724243164,"[-2.6216466426849365, -4.868668079376221, -5.218277931213379, -1.41606605052948, -1.6261401176452637, -1.7029893398284912, -0.6482152342796326, -0.3500133156776428, -0.9188248515129089, -2.00534725189209, -1.059227705001831, -0.04541865363717079]",AAASAPPGS[UNIMOD:21]APR,-23.54735374450684,"[-5.031052112579346, -3.4930295944213867, -4.337218284606934, -2.2305192947387695, -1.6261401176452637, -1.7029893398284912, -0.6482152342796326, -0.3500133156776428, -0.9188248515129089, -2.00534725189209, -1.059227705001831, -0.04541865363717079]",SAASAPPGS[UNIMOD:21]APR,-24.61960792541504,"[-6.154098987579346, -3.4930295944213867, -4.337218284606934, -2.2305192947387695, -1.6261401176452637, -1.7029893398284912, -0.6482152342796326, -0.3500133156776428, -0.9188248515129089, -2.00534725189209, -1.059227705001831, -0.04541865363717079]",SAGAAPPGS[UNIMOD:21]APR,-24.763648986816406,"[-4.815005779266357, -4.868668079376221, -5.218277931213379, -1.41606605052948, -1.6261401176452637, -1.7029893398284912, -0.6482152342796326, -0.3500133156776428, -0.9188248515129089, -2.00534725189209, -1.059227705001831, -0.04541865363717079]",GGAGAAPPGS[UNIMOD:21]APR,-28.653339385986328,"[-4.946437835693359, -3.7603185176849365, -4.868668079376221, -5.218277931213379, -1.41606605052948, -1.6261401176452637, -1.7029893398284912, -0.6482152342796326, -0.3500133156776428, -0.9188248515129089, -2.00534725189209, -1.059227705001831, -0.04541865363717079]","['A', 'A', 'G', 'A', 'A', 'P', 'A', 'G', 'R']",-0.9003986716270447,,"['A', 'A', 'G', 'A', 'A', 'P', 'P', 'G', 'S[UNIMOD:21]', 'A', 'P', 'R']",no_group,"A, A, G, A, A, P, A, G, R",357434.7818009553
chunk_081,31481,chunk_081:31481,705.321131330345,1,30731,LSDNEK,-1.078761339187622,,"['L', 'S', 'D', 'L', 'E', 'K']",-10.4180908203125,"[-1.555410623550415, -0.89603590965271, -1.514277458190918, -1.2733430862426758, -0.9457782506942749, -0.12106326967477798]",LSDLEK,-10.4180908203125,"[-1.555410623550415, -0.89603590965271, -1.514277458190918, -1.2733430862426758, -0.9457782506942749, -0.12106326967477798]",EGDPEK,-11.053586959838867,"[-1.592909336090088, -1.8087738752365112, -0.5991736650466919, -1.9159212112426758, -0.9457782506942749, -0.12106326967477798]",VSDLEK,-11.375699996948242,"[-2.938223123550415, -0.89603590965271, -1.514277458190918, -1.2733430862426758, -0.9457782506942749, -0.12106326967477798]",GSGDPEK,-13.71024227142334,"[-2.307302474975586, -2.277479648590088, -1.8087738752365112, -0.5991736650466919, -1.9159212112426758, -0.9457782506942749, -0.12106326967477798]",ASGDPEK,-14.729286193847656,"[-3.140310287475586, -2.277479648590088, -1.8087738752365112, -0.5991736650466919, -1.9159212112426758, -0.9457782506942749, -0.12106326967477798]","['L', 'S', 'D', 'N', 'E', 'K']",-1.078761339187622,,"['L', 'S', 'D', 'L', 'E', 'K']",no_group,"L, S, D, N, E, K",28.72828950526565
chunk_081,31491,chunk_081:31491,705.321131330345,1,30741,LSDNEK,-1.2031787633895874,,"['L', 'S', 'D', 'L', 'E', 'K']",-10.4180908203125,"[-1.555410623550415, -0.89603590965271, -1.514277458190918, -1.2733430862426758, -0.9457782506942749, -0.12106326967477798]",LSDLEK,-10.4180908203125,"[-1.555410623550415, -0.89603590965271, -1.514277458190918, -1.2733430862426758, -0.9457782506942749, -0.12106326967477798]",EGDPEK,-11.053586959838867,"[-1.592909336090088, -1.8087738752365112, -0.5991736650466919, -1.9159212112426758, -0.9457782506942749, -0.12106326967477798]",VSDLEK,-11.375699996948242,"[-2.938223123550415, -0.89603590965271, -1.514277458190918, -1.2733430862426758, -0.9457782506942749, -0.12106326967477798]",GSGDPEK,-13.71024227142334,"[-2.307302474975586, -2.277479648590088, -1.8087738752365112, -0.5991736650466919, -1.9159212112426758, -0.9457782506942749, -0.12106326967477798]",ASGDPEK,-14.729286193847656,"[-3.140310287475586, -2.277479648590088, -1.8087738752365112, -0.5991736650466919, -1.9159212112426758, -0.9457782506942749, -0.12106326967477798]","['L', 'S', 'D', 'N', 'E', 'K']",-1.2031787633895874,,"['L', 'S', 'D', 'L', 'E', 'K']",no_group,"L, S, D, N, E, K",28.72828950526565
chunk_085,27278,chunk_085:27278,641.26214811592,1,27103,M[UNIMOD:35]PGTGY,-0.4598192572593689,,"['M[UNIMOD:35]', 'T', 'G', 'Y', 'G', 'P']",-4.601815223693848,"[-0.5662277936935425, -0.17905160784721375, -0.029942138120532036, -0.8476795554161072, -0.9373708367347717, -1.433775544166565]",M[UNIMOD:35]TGYGP,-4.601815223693848,"[-0.5662277936935425, -0.17905160784721375, -0.029942138120532036, -0.8476795554161072, -0.9373708367347717, -1.433775544166565]",PTGPYG,-4.175257682800293,"[-0.16628269851207733, -0.5260753631591797, -0.0070941937156021595, -0.05910656601190567, -0.061595216393470764, -0.9474474191665649]",PTGPGY,-5.909005641937256,"[-0.25600117444992065, -0.6940077543258667, -0.007337407674640417, -0.06540477275848389, -0.028672877699136734, -2.8497910499572754]",APEGPGP,-7.3545074462890625,"[-2.8916499614715576, -0.06307928264141083, -0.2699300944805145, -0.10681594163179398, -0.6523670554161072, -0.9373708367347717, -1.433775544166565]",GPEGPGP,-9.637459754943848,"[-4.346362113952637, -0.06307928264141083, -0.2699300944805145, -0.10681594163179398, -0.6523670554161072, -0.9373708367347717, -1.433775544166565]","['M[UNIMOD:35]', 'P', 'G', 'T', 'G', 'Y']",-0.4598192572593689,,"['M[UNIMOD:35]', 'T', 'G', 'Y', 'G', 'P']",no_group,"M[UNIMOD:35], P, G, T, G, Y",3.401285927053456
chunk_086,44658,chunk_086:44658,819.378961416002,1,43108,GS[UNIMOD:21]PGAPVR,-0.7769091129302979,,"['G', 'S[UNIMOD:21]', 'P', 'G', 'A', 'P', 'V', 'D']",-7.071545600891113,"[-2.099519729614258, -0.21642480790615082, -0.000200609109015204, -0.1302110254764557, -1.10158371925354, -0.013842180371284485, -0.11986728757619858, -1.4251799583435059]",GS[UNIMOD:21]PGAPVD,-7.071545600891113,"[-2.099519729614258, -0.21642480790615082, -0.000200609109015204, -0.1302110254764557, -1.10158371925354, -0.013842180371284485, -0.11986728757619858, -1.4251799583435059]",AS[UNIMOD:21]PGAPVD,-7.091097831726074,"[-1.1346759796142578, -0.21642480790615082, -0.000200609109015204, -0.1302110254764557, -1.10158371925354, -0.013842180371284485, -0.11986728757619858, -1.4251799583435059]",DPGS[UNIMOD:21]PVD,-7.547062397003174,"[-1.264392614364624, -0.9785255789756775, -0.28719452023506165, -0.86720871925354, -0.013842180371284485, -0.11986728757619858, -1.4251799583435059]",AS[UNIMOD:21]PQPVD,-8.66135025024414,"[-0.5476092100143433, -0.480204701423645, -0.0014590105274692178, -1.73439621925354, -0.013842180371284485, -0.11986728757619858, -1.4251799583435059]",PS[UNIMOD:21]PGAPVD,-10.376701354980469,"[-1.0331134796142578, -0.21642480790615082, -0.000200609109015204, -0.1302110254764557, -1.10158371925354, -0.013842180371284485, -0.11986728757619858, -1.4251799583435059]","['G', 'S[UNIMOD:21]', 'P', 'G', 'A', 'P', 'V', 'R']",-0.7769091129302979,,"['G', 'S[UNIMOD:21]', 'P', 'G', 'A', 'P', 'V', 'D']",no_group,"G, S[UNIMOD:21], P, G, A, P, V, R",1210.718886757395
chunk_087,26746,chunk_087:26746,823.329681548556,1,26146,LESSDNM,-0.7125567197799683,,"['L', 'E', 'G', 'D', 'P', 'E', 'K']",-8.065276145935059,"[-1.9908311367034912, -1.105567455291748, -0.3272172808647156, -0.44802403450012207, -0.7998901605606079, -1.7393382787704468, -0.0782049372792244]",LEGDPEK,-8.065276145935059,"[-1.9908311367034912, -1.105567455291748, -0.3272172808647156, -0.44802403450012207, -0.7998901605606079, -1.7393382787704468, -0.0782049372792244]",DEGDPEK,-9.032361030578612,"[-2.359971761703491, -1.105567455291748, -0.3272172808647156, -0.44802403450012207, -0.7998901605606079, -1.7393382787704468, -0.0782049372792244]",AAEGDPEK,-9.354053497314451,"[-2.3625147342681885, -1.1802842617034912, -1.105567455291748, -0.3272172808647156, -0.44802403450012207, -0.7998901605606079, -1.7393382787704468, -0.0782049372792244]",GAEGDPEK,-9.774496078491213,"[-3.0324366092681885, -1.1802842617034912, -1.105567455291748, -0.3272172808647156, -0.44802403450012207, -0.7998901605606079, -1.7393382787704468, -0.0782049372792244]",GESGDPEK,-10.554848670959473,"[-1.757723331451416, -0.6666311025619507, -2.000098705291748, -0.3272172808647156, -0.44802403450012207, -0.7998901605606079, -1.7393382787704468, -0.0782049372792244]","['L', 'E', 'S', 'S', 'D', 'N', 'M']",-0.7125567197799683,,"['L', 'E', 'G', 'D', 'P', 'E', 'K']",no_group,"L, E, S, S, D, N, M",32802.64048996669
chunk_088,44416,chunk_088:44416,355.525147765046,1,43366,AGFAGG,-0.7217543125152588,,"['P', 'S', 'K']",-13.963628768920898,"[-0.00011884459672728553, -0.007956950925290585, -0.005203869193792343]",PSK,-13.963628768920898,"[-0.00011884459672728553, -0.007956950925290585, -0.005203869193792343]",SGR,-16.670652389526367,"[-1.7307718992233276, -1.7240782976150513, -5.317703723907471]",SPK,-17.92081069946289,"[-0.22675412893295288, -4.8985819816589355, -0.005203869193792343]",VGR,-18.19736099243164,"[-0.7288187742233276, -1.7240782976150513, -5.317703723907471]",PPK,-19.22208404541016,"[-2.8712854385375977, -4.8985819816589355, -0.005203869193792343]","['A', 'G', 'F', 'A', 'G', 'G']",-0.7217543125152588,,"['P', 'S', 'K']",no_group,"A, G, F, A, G, G",347935.3373806988
chunk_092,34583,chunk_092:34583,634.262967535725,1,33833,ASAEGAE,-1.1651402711868286,,"['A', 'L', 'E', 'E', 'K']",-9.790725708007812,"[-1.3353464603424072, -1.7151613235473633, -1.2670996189117432, -1.484002709388733, -0.2286093533039093]",ALEEK,-9.790725708007812,"[-1.3353464603424072, -1.7151613235473633, -1.2670996189117432, -1.484002709388733, -0.2286093533039093]",GGDPEK,-13.223003387451172,"[-2.3042898178100586, -1.2570961713790894, -0.7597662210464478, -2.272958993911743, -1.484002709388733, -0.2286093533039093]",AGDPEK,-13.623333930969238,"[-2.7588796615600586, -1.2570961713790894, -0.7597662210464478, -2.272958993911743, -1.484002709388733, -0.2286093533039093]",GSDPEK,-14.677790641784668,"[-2.516953945159912, -2.058854103088379, -0.7597662210464478, -2.272958993911743, -1.484002709388733, -0.2286093533039093]",SGDPEK,-15.29427433013916,"[-1.8374930620193481, -1.2570961713790894, -0.7597662210464478, -2.272958993911743, -1.484002709388733, -0.2286093533039093]","['A', 'S', 'A', 'E', 'G', 'A', 'E']",-1.1651402711868286,,"['A', 'L', 'E', 'E', 'K']",no_group,"A, S, A, E, G, A, E",7.770379995858673
chunk_092,47278,chunk_092:47278,756.333601567014,1,46403,ESTM[UNIMOD:35]FL,-0.4290332794189453,,"['E', 'T[UNIMOD:21]', 'S', 'Y', 'K']",-7.033770561218262,"[-1.904797077178955, -0.7547549605369568, -1.8662357330322266, -0.8803890347480774, -0.21953032910823822]",ET[UNIMOD:21]SYK,-7.033770561218262,"[-1.904797077178955, -0.7547549605369568, -1.8662357330322266, -0.8803890347480774, -0.21953032910823822]",IDS[UNIMOD:21]YK,-7.280725955963135,"[-0.6401721239089966, -1.9040734767913818, -1.3115482330322266, -0.8803890347480774, -0.21953032910823822]",GS[UNIMOD:21]LGS[UNIMOD:21]K,-9.124587059020996,"[-1.6261383295059204, -2.1114046573638916, -0.7523298263549805, -0.6408087015151978, -1.8706233501434326, -0.21953032910823822]",LGT[UNIMOD:21]SYK,-9.751463890075684,"[-3.1158218383789062, -1.266125202178955, -0.7547549605369568, -1.8662357330322266, -0.8803890347480774, -0.21953032910823822]",GGGT[UNIMOD:21]SYK,-12.320428848266602,"[-2.4499876499176025, -2.0962905883789062, -1.266125202178955, -0.7547549605369568, -1.8662357330322266, -0.8803890347480774, -0.21953032910823822]","['E', 'S', 'T', 'M[UNIMOD:35]', 'F', 'L']",-0.4290332794189453,,"['E', 'T[UNIMOD:21]', 'S', 'Y', 'K']",no_group,"E, S, T, M[UNIMOD:35], F, L",15868.93209841157
chunk_094,1900,chunk_094:1900,696.321091214255,1,1900,GGGGYGGR,-0.4626830816268921,,"['G', 'G', 'G', 'G', 'S[UNIMOD:21]', 'G', 'G', 'R']",-6.514914989471436,"[-0.19347065687179565, -0.4738084077835083, -0.07032864540815353, -0.04846922308206558, -1.3915337324142456, -1.4860714673995972, -1.313562273979187, -0.7141129374504089]",GGGGS[UNIMOD:21]GGR,-6.514914989471436,"[-0.19347065687179565, -0.4738084077835083, -0.07032864540815353, -0.04846922308206558, -1.3915337324142456, -1.4860714673995972, -1.313562273979187, -0.7141129374504089]",GGGGGGGGGR,-8.696325302124023,"[-0.8894643187522888, -0.6512068510055542, -0.5505936145782471, -0.37143975496292114, -0.2660220265388489, -0.665488064289093, -1.3973931074142456, -1.4860714673995972, -1.313562273979187, -0.7141129374504089]",GGSGGGGGR,-9.841211318969728,"[-0.45955657958984375, -0.5684165954589844, -2.1976115703582764, -0.2660220265388489, -0.665488064289093, -1.3973931074142456, -1.4860714673995972, -1.313562273979187, -0.7141129374504089]",SGGGGGGGR,-10.10276222229004,"[-2.2664413452148438, -0.5505936145782471, -0.37143975496292114, -0.2660220265388489, -0.665488064289093, -1.3973931074142456, -1.4860714673995972, -1.313562273979187, -0.7141129374504089]",GSGGGGGGR,-10.595094680786133,"[-0.5639417171478271, -2.007624864578247, -0.37143975496292114, -0.2660220265388489, -0.665488064289093, -1.3973931074142456, -1.4860714673995972, -1.313562273979187, -0.7141129374504089]","['G', 'G', 'G', 'G', 'Y', 'G', 'G', 'R']",-0.4626830816268921,,"['G', 'G', 'G', 'G', 'S[UNIMOD:21]', 'G', 'G', 'R']",no_group,"G, G, G, G, Y, G, G, R",21551.323668921566
chunk_094,29163,chunk_094:29163,686.200855762682,1,28388,SGS[UNIMOD:21]LC[UNIMOD:4]Q,-0.8781145811080933,,"['L', 'G', 'S[UNIMOD:21]', 'L', 'G', 'R']",-13.36663818359375,"[-2.19903564453125, -2.061398506164551, -1.36932373046875, -1.5958272218704224, -2.24186372756958, -0.6450744271278381]",LGS[UNIMOD:21]LGR,-13.36663818359375,"[-2.19903564453125, -2.061398506164551, -1.36932373046875, -1.5958272218704224, -2.24186372756958, -0.6450744271278381]",PGS[UNIMOD:21]LGR,-13.434499740600586,"[-1.5027464628219604, -2.061398506164551, -1.36932373046875, -1.5958272218704224, -2.24186372756958, -0.6450744271278381]",AGS[UNIMOD:21]LGR,-14.152130126953123,"[-2.69415283203125, -2.061398506164551, -1.36932373046875, -1.5958272218704224, -2.24186372756958, -0.6450744271278381]",SGS[UNIMOD:21]LGR,-14.1901216506958,"[-2.67413330078125, -2.061398506164551, -1.36932373046875, -1.5958272218704224, -2.24186372756958, -0.6450744271278381]",GGGS[UNIMOD:21]LGR,-15.158697128295898,"[-2.2697792053222656, -2.31231689453125, -2.061398506164551, -1.36932373046875, -1.5958272218704224, -2.24186372756958, -0.6450744271278381]","['S', 'G', 'S[UNIMOD:21]', 'L', 'C[UNIMOD:4]', 'Q']",-0.8781145811080933,,"['L', 'G', 'S[UNIMOD:21]', 'L', 'G', 'R']",no_group,"S, G, S[UNIMOD:21], L, C[UNIMOD:4], Q",65639.42737619598
chunk_094,43092,chunk_094:43092,658.413855178196,1,41892,AAATLVL,-0.3152942657470703,,"['A', 'A', 'D', 'P', 'E', 'K']",-15.146235466003418,"[-2.7809793949127197, -2.3938097953796387, -1.272694706916809, -1.8049811124801636, -1.6164424419403076, -0.2956121861934662]",AADPEK,-15.146235466003418,"[-2.7809793949127197, -2.3938097953796387, -1.272694706916809, -1.8049811124801636, -1.6164424419403076, -0.2956121861934662]",GADPEK,-15.223405838012695,"[-2.9572489261627197, -2.3938097953796387, -1.272694706916809, -1.8049811124801636, -1.6164424419403076, -0.2956121861934662]",SADPEK,-15.32044792175293,"[-2.7360575199127197, -2.3938097953796387, -1.272694706916809, -1.8049811124801636, -1.6164424419403076, -0.2956121861934662]",VADPEK,-15.48686695098877,"[-2.9655497074127197, -2.3938097953796387, -1.272694706916809, -1.8049811124801636, -1.6164424419403076, -0.2956121861934662]",PADPEK,-15.525390625,"[-2.5519754886627197, -2.3938097953796387, -1.272694706916809, -1.8049811124801636, -1.6164424419403076, -0.2956121861934662]","['A', 'A', 'A', 'T', 'L', 'V', 'L']",-0.3152942657470703,,"['A', 'A', 'D', 'P', 'E', 'K']",no_group,"A, A, A, T, L, V, L",0.6457613135760194
chunk_098,21023,chunk_098:21023,302.193655424802,1,20723,M[UNIMOD:35]AEADK,-0.7487454414367676,,"['G', 'P', 'K']",-12.766690254211426,"[-2.3075437545776367, -2.0510175228118896, -0.07544852048158646]",GPK,-12.766690254211426,"[-2.3075437545776367, -2.0510175228118896, -0.07544852048158646]",[UNIMOD:1]LK,-20.931507110595703,"[-18.01402473449707, -2.8420331478118896, -0.07544852048158646]",VK,-11.976917266845703,"[-2.2619550228118896, -0.07544852048158646]",EK,-13.874610900878906,"[-0.4592205882072449, -0.07544852048158646]",PR,-14.156434059143066,"[-0.9124265313148499, -2.622323513031006]","['M[UNIMOD:35]', 'A', 'E', 'A', 'D', 'K']",-0.7487454414367676,,"['G', 'P', 'K']",no_group,"M[UNIMOD:35], A, E, A, D, K",1251178.97344236
chunk_099,7002,chunk_099:7002,610.18883316432,1,6952,SLSGYK,-0.7369532585144043,,"['V', 'D', 'S', 'G', 'S', 'K']",-12.968683242797852,"[-1.8973063230514526, -2.0200138092041016, -1.4079444408416748, -1.2283871173858643, -2.025684118270874, -0.268770694732666]",VDSGSK,-12.968683242797852,"[-1.8973063230514526, -2.0200138092041016, -1.4079444408416748, -1.2283871173858643, -2.025684118270874, -0.268770694732666]",GSSSGSK,-13.187559127807615,"[-1.0408494472503662, -1.0922609567642212, -1.779779314994812, -1.4079444408416748, -1.2283871173858643, -2.025684118270874, -0.268770694732666]",GFSGSK,-13.77772617340088,"[-2.233114719390869, -1.615716814994812, -1.4079444408416748, -1.2283871173858643, -2.025684118270874, -0.268770694732666]",SDSGSK,-14.050016403198242,"[-1.0965250730514526, -2.0200138092041016, -1.4079444408416748, -1.2283871173858643, -2.025684118270874, -0.268770694732666]",VSSGSK,-14.05906105041504,"[-1.9672609567642212, -1.779779314994812, -1.4079444408416748, -1.2283871173858643, -2.025684118270874, -0.268770694732666]","['S', 'L', 'S', 'G', 'Y', 'K']",-0.7369532585144043,,"['V', 'D', 'S', 'G', 'S', 'K']",no_group,"S, L, S, G, Y, K",72365.98973254043
chunk_100,1709,chunk_100:1709,754.410647182553,1,1709,VLMYTK,-1.2279977798461914,,"['V', 'L', 'S[UNIMOD:21]', 'P', 'L', 'K']",-9.34755039215088,"[-1.0355902910232544, -0.8209856748580933, -0.7587675452232361, -1.5871951580047607, -1.878279209136963, -0.29501157999038696]",VLS[UNIMOD:21]PLK,-9.34755039215088,"[-1.0355902910232544, -0.8209856748580933, -0.7587675452232361, -1.5871951580047607, -1.878279209136963, -0.29501157999038696]",LLS[UNIMOD:21]PLK,-9.497575759887695,"[-1.7992621660232544, -0.8209856748580933, -0.7587675452232361, -1.5871951580047607, -1.878279209136963, -0.29501157999038696]",GILPPEK,-10.815511703491213,"[-3.473384380340576, -0.4150038957595825, -1.529421091079712, -1.2331058979034424, -0.7348110675811768, -1.923201084136963, -0.29501157999038696]",IS[UNIMOD:21]PPEK,-11.39059066772461,"[-0.42331647872924805, -1.011842966079712, -1.2331058979034424, -0.7348110675811768, -1.923201084136963, -0.29501157999038696]",LS[UNIMOD:21]PPEK,-12.761312484741213,"[-2.374488353729248, -1.011842966079712, -1.2331058979034424, -0.7348110675811768, -1.923201084136963, -0.29501157999038696]","['V', 'L', 'M', 'Y', 'T', 'K']",-1.2279977798461914,,"['V', 'L', 'S[UNIMOD:21]', 'P', 'L', 'K']",no_group,"V, L, M, Y, T, K",8.157119030498272
chunk_103,26447,chunk_103:26447,796.373573493753,1,26297,VLSGSTTM[UNIMOD:35],-0.531206488609314,,"['A', 'G', 'A', 'P', 'G', 'S[UNIMOD:21]', 'P', 'K']",-7.375492095947266,"[-1.715791940689087, -0.14340060949325562, -1.7275421619415283, -0.404494047164917, -0.12446646392345428, -1.0762275457382202, -1.7789479494094849, -0.26371002197265625]",AGAPGS[UNIMOD:21]PK,-7.375492095947266,"[-1.715791940689087, -0.14340060949325562, -1.7275421619415283, -0.404494047164917, -0.12446646392345428, -1.0762275457382202, -1.7789479494094849, -0.26371002197265625]",DLPGS[UNIMOD:21]PK,-7.526190280914307,"[-2.4210948944091797, -1.4228546619415283, -0.404494047164917, -0.12446646392345428, -1.0762275457382202, -1.7789479494094849, -0.26371002197265625]",LDPGS[UNIMOD:21]PK,-7.855483531951904,"[-2.208909511566162, -1.8095734119415283, -0.404494047164917, -0.12446646392345428, -1.0762275457382202, -1.7789479494094849, -0.26371002197265625]",VGAPGS[UNIMOD:21]PK,-12.062392234802246,"[-6.419893264770508, -0.14340060949325562, -1.7275421619415283, -0.404494047164917, -0.12446646392345428, -1.0762275457382202, -1.7789479494094849, -0.26371002197265625]",PGAPGS[UNIMOD:21]PK,-12.424256324768066,"[-6.761690139770508, -0.14340060949325562, -1.7275421619415283, -0.404494047164917, -0.12446646392345428, -1.0762275457382202, -1.7789479494094849, -0.26371002197265625]","['V', 'L', 'S', 'G', 'S', 'T', 'T', 'M[UNIMOD:35]']",-0.531206488609314,,"['A', 'G', 'A', 'P', 'G', 'S[UNIMOD:21]', 'P', 'K']",no_group,"V, L, S, G, S, T, T, M[UNIMOD:35]",18851.756268585843
chunk_104,38814,chunk_104:38814,722.336871703594,1,37889,GGGGYGGR,-0.736973762512207,,"['G', 'G', 'G', 'G', 'S[UNIMOD:21]', 'G', 'G', 'R']",-8.581997871398926,"[-1.0595989227294922, -0.9500703811645508, -0.4377947151660919, -0.35550788044929504, -1.6997181177139282, -1.4939407110214233, -0.9307212829589844, -0.8803743124008179]",GGGGS[UNIMOD:21]GGR,-8.581997871398926,"[-1.0595989227294922, -0.9500703811645508, -0.4377947151660919, -0.35550788044929504, -1.6997181177139282, -1.4939407110214233, -0.9307212829589844, -0.8803743124008179]",GAGGS[UNIMOD:21]GGR,-8.714993476867676,"[-0.49363887310028076, -2.229367256164551, -0.4377947151660919, -0.35550788044929504, -1.6997181177139282, -1.4939407110214233, -0.9307212829589844, -0.8803743124008179]",FGGS[UNIMOD:21]GGR,-9.60993766784668,"[-3.195187568664551, -0.4377947151660919, -0.35550788044929504, -1.6997181177139282, -1.4939407110214233, -0.9307212829589844, -0.8803743124008179]",GSGGS[UNIMOD:21]GGR,-9.972936630249023,"[-1.0750735998153687, -1.7293672561645508, -0.4377947151660919, -0.35550788044929504, -1.6997181177139282, -1.4939407110214233, -0.9307212829589844, -0.8803743124008179]",SGGGS[UNIMOD:21]GGR,-10.162307739257812,"[-2.718778610229492, -0.9500703811645508, -0.4377947151660919, -0.35550788044929504, -1.6997181177139282, -1.4939407110214233, -0.9307212829589844, -0.8803743124008179]","['G', 'G', 'G', 'G', 'Y', 'G', 'G', 'R']",-0.736973762512207,,"['G', 'G', 'G', 'G', 'S[UNIMOD:21]', 'G', 'G', 'R']",no_group,"G, G, G, G, Y, G, G, R",56791.260851526014
